Name,Month,L/S,Entry Date,Exit Date,Years,Avg_Pct,Win_Rate,Avg_Profit,Avg_Loss,Col11,Col12,Col13,Max_Up_Swing,Col15,Max_Down_Swing,Flag,History_URL,Seasonal_URL,Trade_ID
Australian Dollar,Jun,L,4/4,4/13,3.00,4.5,78.9,0.0096,-0.0080,1.37,1.07,12,0.1181,1,Y,https://seasonaltrader.com/host/History/Commodities.aspx?trade=193523997&service_id=1,https://seasonaltrader.com/Charts/Commodities/Weekly.aspx?trade=193523997&service_id=1,193523997
Australian Dollar,Jun,L,4/4,4/13,2.00,3.9,78.9,0.0096,-0.0093,1.37,1.23,12,0.1181,1,Y,https://seasonaltrader.com/host/History/Commodities.aspx?trade=199910067&service_id=1,https://seasonaltrader.com/Charts/Commodities/Weekly.aspx?trade=199910067&service_id=1,199910067
Australian Dollar,Jun,L,4/6,4/14,2.00,3.5,78.9,0.0099,-0.0106,1.41,1.44,7,0.0835,1,Y,https://seasonaltrader.com/host/History/Commodities.aspx?trade=196450521&service_id=1,https://seasonaltrader.com/Charts/Commodities/Weekly.aspx?trade=196450521&service_id=1,196450521
Australian Dollar,Jun,L,4/6,4/17,4.00,3.5,78.9,0.0104,-0.0111,1.50,1.53,7,0.0873,1,Y,https://seasonaltrader.com/host/History/Commodities.aspx?trade=193524052&service_id=1,https://seasonaltrader.com/Charts/Commodities/Weekly.aspx?trade=193524052&service_id=1,193524052
Australian Dollar,Jun,L,4/6,4/17,2.00,3.2,78.9,0.0104,-0.0122,1.50,1.67,7,0.0873,1,Y,https://seasonaltrader.com/host/History/Commodities.aspx?trade=199910101&service_id=1,https://seasonaltrader.com/Charts/Commodities/Weekly.aspx?trade=199910101&service_id=1,199910101
Australian Dollar,Jun,L,4/7,4/12,1.00,9.2,76.3,0.0091,-0.0032,1.31,0.44,7,0.0562,1,Y,https://seasonaltrader.com/host/History/Commodities.aspx?trade=193524060&service_id=1,https://seasonaltrader.com/Charts/Commodities/Weekly.aspx?trade=193524060&service_id=1,193524060
Australian Dollar,Jun,L,4/6,4/12,2.00,7.5,76.3,0.0091,-0.0039,1.30,0.57,7,0.0533,1,Y,https://seasonaltrader.com/host/History/Commodities.aspx?trade=193524042&service_id=1,https://seasonaltrader.com/Charts/Commodities/Weekly.aspx?trade=193524042&service_id=1,193524042
Australian Dollar,Jun,L,4/5,4/12,1.00,6.9,76.3,0.0106,-0.0049,1.49,0.70,7,0.0784,3,Y,https://seasonaltrader.com/host/History/Commodities.aspx?trade=193524018&service_id=1,https://seasonaltrader.com/Charts/Commodities/Weekly.aspx?trade=193524018&service_id=1,193524018
Australian Dollar,Jun,L,4/5,4/11,1.00,6.0,76.3,0.0097,-0.0052,1.37,0.75,14,0.1300,3,Y,https://seasonaltrader.com/host/History/Commodities.aspx?trade=193524017&service_id=1,https://seasonaltrader.com/Charts/Commodities/Weekly.aspx?trade=193524017&service_id=1,193524017
Australian Dollar,Jun,L,4/5,4/10,1.00,5.6,76.3,0.0093,-0.0053,1.27,0.75,8,0.0532,3,Y,https://seasonaltrader.com/host/History/Commodities.aspx?trade=193524016&service_id=1,https://seasonaltrader.com/Charts/Commodities/Weekly.aspx?trade=193524016&service_id=1,193524016
Australian Dollar,Jun,L,4/7,4/14,1.00,5.3,76.3,0.0102,-0.0062,1.47,0.83,6,0.0680,1,Y,https://seasonaltrader.com/host/History/Commodities.aspx?trade=193524063&service_id=1,https://seasonaltrader.com/Charts/Commodities/Weekly.aspx?trade=193524063&service_id=1,193524063
Australian Dollar,Jun,L,4/4,4/12,3.00,5.2,76.3,0.0104,-0.0064,1.47,0.92,14,0.1464,3,Y,https://seasonaltrader.com/host/History/Commodities.aspx?trade=193523995&service_id=1,https://seasonaltrader.com/Charts/Commodities/Weekly.aspx?trade=193523995&service_id=1,193523995
Australian Dollar,Jun,L,4/5,4/16,1.00,4.6,76.3,0.0114,-0.0080,1.62,1.13,15,0.1679,3,Y,https://seasonaltrader.com/host/History/Commodities.aspx?trade=193524025&service_id=1,https://seasonaltrader.com/Charts/Commodities/Weekly.aspx?trade=193524025&service_id=1,193524025
Australian Dollar,Jun,L,4/5,4/17,1.00,4.4,76.3,0.0117,-0.0086,1.67,1.19,7,0.0912,3,Y,https://seasonaltrader.com/host/History/Commodities.aspx?trade=193524027&service_id=1,https://seasonaltrader.com/Charts/Commodities/Weekly.aspx?trade=193524027&service_id=1,193524027
Australian Dollar,Jun,L,4/7,4/15,1.00,4.4,76.3,0.0105,-0.0078,1.52,1.06,7,0.0727,2,Y,https://seasonaltrader.com/host/History/Commodities.aspx?trade=193524065&service_id=1,https://seasonaltrader.com/Charts/Commodities/Weekly.aspx?trade=193524065&service_id=1,193524065
Australian Dollar,Jun,L,4/4,4/12,2.00,4.4,76.3,0.0104,-0.0076,1.47,1.06,14,0.1464,3,Y,https://seasonaltrader.com/host/History/Commodities.aspx?trade=199910066&service_id=1,https://seasonaltrader.com/Charts/Commodities/Weekly.aspx?trade=199910066&service_id=1,199910066
Australian Dollar,Jun,L,4/5,4/14,1.00,4.3,76.3,0.0111,-0.0084,1.58,1.16,7,0.0874,3,Y,https://seasonaltrader.com/host/History/Commodities.aspx?trade=193524021&service_id=1,https://seasonaltrader.com/Charts/Commodities/Weekly.aspx?trade=193524021&service_id=1,193524021
Australian Dollar,Jun,L,4/7,4/17,1.00,4.3,76.3,0.0107,-0.0079,1.55,1.08,7,0.0867,1,Y,https://seasonaltrader.com/host/History/Commodities.aspx?trade=193524067&service_id=1,https://seasonaltrader.com/Charts/Commodities/Weekly.aspx?trade=193524067&service_id=1,193524067
Australian Dollar,Jun,L,4/4,4/10,3.00,4.1,76.3,0.0092,-0.0073,1.26,1.01,11,0.0996,3,Y,https://seasonaltrader.com/host/History/Commodities.aspx?trade=193523991&service_id=1,https://seasonaltrader.com/Charts/Commodities/Weekly.aspx?trade=193523991&service_id=1,193523991
Australian Dollar,Jun,L,4/4,4/10,2.00,3.6,76.3,0.0092,-0.0081,1.26,1.11,11,0.0996,3,Y,https://seasonaltrader.com/host/History/Commodities.aspx?trade=220455455&service_id=1,https://seasonaltrader.com/Charts/Commodities/Weekly.aspx?trade=220455455&service_id=1,220455455
Australian Dollar,Jun,L,4/6,4/16,4.00,3.6,76.3,0.0104,-0.0094,1.50,1.34,7,0.0903,2,Y,https://seasonaltrader.com/host/History/Commodities.aspx?trade=193524050&service_id=1,https://seasonaltrader.com/Charts/Commodities/Weekly.aspx?trade=193524050&service_id=1,193524050
Australian Dollar,Jun,L,4/6,4/16,2.00,3.4,76.3,0.0104,-0.0099,1.50,1.39,7,0.0903,2,Y,https://seasonaltrader.com/host/History/Commodities.aspx?trade=199910100&service_id=1,https://seasonaltrader.com/Charts/Commodities/Weekly.aspx?trade=199910100&service_id=1,199910100
Australian Dollar,Jun,L,4/4,4/14,3.00,3.3,76.3,0.0110,-0.0107,1.56,1.46,8,0.0922,3,Y,https://seasonaltrader.com/host/History/Commodities.aspx?trade=193523999&service_id=1,https://seasonaltrader.com/Charts/Commodities/Weekly.aspx?trade=193523999&service_id=1,193523999
Australian Dollar,Jun,L,4/6,4/15,4.00,3.3,76.3,0.0106,-0.0102,1.51,1.40,7,0.0733,2,Y,https://seasonaltrader.com/host/History/Commodities.aspx?trade=193524048&service_id=1,https://seasonaltrader.com/Charts/Commodities/Weekly.aspx?trade=193524048&service_id=1,193524048
Australian Dollar,Jun,L,4/6,4/14,1.00,3.2,76.3,0.0099,-0.0100,1.42,1.35,6,0.0550,1,Y,https://seasonaltrader.com/host/History/Commodities.aspx?trade=193524045&service_id=1,https://seasonaltrader.com/Charts/Commodities/Weekly.aspx?trade=193524045&service_id=1,193524045
Australian Dollar,Jun,L,4/6,4/17,1.00,3.2,76.3,0.0102,-0.0104,1.48,1.39,6,0.0481,1,Y,https://seasonaltrader.com/host/History/Commodities.aspx?trade=193524051&service_id=1,https://seasonaltrader.com/Charts/Commodities/Weekly.aspx?trade=193524051&service_id=1,193524051
Australian Dollar,Jun,L,4/6,4/15,2.00,3.2,76.3,0.0106,-0.0107,1.51,1.47,7,0.0733,2,Y,https://seasonaltrader.com/host/History/Commodities.aspx?trade=199910099&service_id=1,https://seasonaltrader.com/Charts/Commodities/Weekly.aspx?trade=199910099&service_id=1,199910099
Australian Dollar,Jun,L,4/4,4/14,2.00,2.9,76.3,0.0110,-0.0121,1.56,1.63,8,0.0922,3,Y,https://seasonaltrader.com/host/History/Commodities.aspx?trade=199910068&service_id=1,https://seasonaltrader.com/Charts/Commodities/Weekly.aspx?trade=199910068&service_id=1,199910068
Canola Oil,Jun,L,4/3,4/8,2.00,7.2,77.8,3.6071,-1.7500,1.02,0.57,5,16.9000,1,N/A,https://seasonaltrader.com/host/History/Commodities.aspx?trade=199791740&service_id=1,https://seasonaltrader.com/Charts/Commodities/Weekly.aspx?trade=199791740&service_id=1,199791740
Canola Oil,Jun,L,4/3,4/26,2.00,4.7,77.8,15.5786,-11.5500,4.00,3.05,6,91.8000,1,N/A,https://seasonaltrader.com/host/History/Commodities.aspx?trade=199791748&service_id=1,https://seasonaltrader.com/Charts/Commodities/Weekly.aspx?trade=199791748&service_id=1,199791748
Canola Oil,Jun,L,4/3,4/7,2.00,4.7,77.8,3.4500,-2.5750,0.94,0.78,9,28.6000,2,N/A,https://seasonaltrader.com/host/History/Commodities.aspx?trade=199791739&service_id=1,https://seasonaltrader.com/Charts/Commodities/Weekly.aspx?trade=199791739&service_id=1,199791739
FTSE 100,Jun,L,4/1,4/9,2.50,2.1,75.6,90.69,-132.10,1.77,2.48,10,1457.50,3,Y,https://seasonaltrader.com/host/History/Commodities.aspx?trade=194344297&service_id=1,https://seasonaltrader.com/Charts/Commodities/Weekly.aspx?trade=194344297&service_id=1,194344297
Mexican Peso,Jun,L,4/20,5/2,5.00,2.7,77.4,0.0008,-0.0010,0.89,1.44,7,0.0060,2,N,https://seasonaltrader.com/host/History/Commodities.aspx?trade=199784882&service_id=1,https://seasonaltrader.com/Charts/Commodities/Weekly.aspx?trade=199784882&service_id=1,199784882
Mexican Peso,Jun,L,4/2,4/17,4.00,2.4,76.7,0.0011,-0.0016,1.46,1.86,8,0.0080,1,Y,https://seasonaltrader.com/host/History/Commodities.aspx?trade=199917343&service_id=1,https://seasonaltrader.com/Charts/Commodities/Weekly.aspx?trade=199917343&service_id=1,199917343
Mexican Peso,Jun,L,4/2,4/18,4.00,2.4,76.7,0.0011,-0.0014,1.27,1.82,8,0.0092,1,Y,https://seasonaltrader.com/host/History/Commodities.aspx?trade=201672119&service_id=1,https://seasonaltrader.com/Charts/Commodities/Weekly.aspx?trade=201672119&service_id=1,201672119
Mexican Peso,Jun,L,4/2,4/16,4.00,2.0,76.7,0.0009,-0.0015,1.17,1.81,8,0.0063,1,Y,https://seasonaltrader.com/host/History/Commodities.aspx?trade=201672118&service_id=1,https://seasonaltrader.com/Charts/Commodities/Weekly.aspx?trade=201672118&service_id=1,201672118
Mexican Peso,Jun,L,4/5,4/18,2.00,2.9,75.9,0.0012,-0.0013,1.52,1.63,7,0.0111,4,Y,https://seasonaltrader.com/host/History/Commodities.aspx?trade=199784571&service_id=1,https://seasonaltrader.com/Charts/Commodities/Weekly.aspx?trade=199784571&service_id=1,199784571
Mexican Peso,Jun,L,4/4,4/18,3.00,2.7,75.9,0.0011,-0.0013,1.37,1.73,7,0.0119,2,Y,https://seasonaltrader.com/host/History/Commodities.aspx?trade=199917348&service_id=1,https://seasonaltrader.com/Charts/Commodities/Weekly.aspx?trade=199917348&service_id=1,199917348
Nasdaq,Jun,L,4/17,4/27,5.00,7.3,82.6,136.5000,-88.5625,2.70,2.70,7,1518.7500,1,Y,https://seasonaltrader.com/host/History/Commodities.aspx?trade=207285461&service_id=1,https://seasonaltrader.com/Charts/Commodities/Weekly.aspx?trade=207285461&service_id=1,207285461
Nasdaq,Jun,L,4/17,4/26,5.00,6.7,82.6,123.0526,-87.8750,2.32,2.86,13,1490.7500,1,Y,https://seasonaltrader.com/host/History/Commodities.aspx?trade=207285460&service_id=1,https://seasonaltrader.com/Charts/Commodities/Weekly.aspx?trade=207285460&service_id=1,207285460
Nasdaq,Jun,L,4/21,4/27,3.00,21.5,78.3,193.5417,-32.4500,2.72,1.50,6,2770.5000,1,Y,https://seasonaltrader.com/host/History/Commodities.aspx?trade=207285161&service_id=1,https://seasonaltrader.com/Charts/Commodities/Weekly.aspx?trade=207285161&service_id=1,207285161
Nasdaq,Jun,L,4/22,4/27,3.00,17.6,78.3,150.7083,-30.8000,2.18,1.39,6,2042.0000,1,Y,https://seasonaltrader.com/host/History/Commodities.aspx?trade=207285172&service_id=1,https://seasonaltrader.com/Charts/Commodities/Weekly.aspx?trade=207285172&service_id=1,207285172
Nasdaq,Jun,L,4/21,5/3,3.00,14.6,78.3,235.8611,-58.3000,3.39,2.47,9,3468.7500,3,Y,https://seasonaltrader.com/host/History/Commodities.aspx?trade=207285166&service_id=1,https://seasonaltrader.com/Charts/Commodities/Weekly.aspx?trade=207285166&service_id=1,207285166
Nasdaq,Jun,L,4/22,5/3,3.00,13.4,78.3,193.6389,-52.1000,2.96,2.31,6,2740.2500,1,Y,https://seasonaltrader.com/host/History/Commodities.aspx?trade=207285175&service_id=1,https://seasonaltrader.com/Charts/Commodities/Weekly.aspx?trade=207285175&service_id=1,207285175
Nasdaq,Jun,L,4/16,4/27,5.00,9.4,78.3,133.6944,-51.0500,3.10,1.89,7,1165.7500,1,Y,https://seasonaltrader.com/host/History/Commodities.aspx?trade=207285439&service_id=1,https://seasonaltrader.com/Charts/Commodities/Weekly.aspx?trade=207285439&service_id=1,207285439
Nasdaq,Jun,L,4/16,4/29,5.00,6.9,78.3,165.8889,-87.0000,3.61,2.92,9,1689.5000,1,Y,https://seasonaltrader.com/host/History/Commodities.aspx?trade=207285441&service_id=1,https://seasonaltrader.com/Charts/Commodities/Weekly.aspx?trade=207285441&service_id=1,207285441
Nasdaq,Jun,L,4/16,4/26,5.00,6.8,78.3,123.8056,-66.0000,2.75,2.21,13,1142.7500,2,Y,https://seasonaltrader.com/host/History/Commodities.aspx?trade=207285438&service_id=1,https://seasonaltrader.com/Charts/Commodities/Weekly.aspx?trade=207285438&service_id=1,207285438
Nasdaq,Jun,L,4/17,4/29,5.00,5.6,78.3,178.1944,-113.7000,3.42,3.42,9,1932.7500,1,Y,https://seasonaltrader.com/host/History/Commodities.aspx?trade=207285463&service_id=1,https://seasonaltrader.com/Charts/Commodities/Weekly.aspx?trade=207285463&service_id=1,207285463
Nasdaq,Jun,L,4/17,4/25,5.00,4.3,78.3,121.1250,-101.4500,2.44,2.39,9,1154.5000,1,Y,https://seasonaltrader.com/host/History/Commodities.aspx?trade=207285459&service_id=1,https://seasonaltrader.com/Charts/Commodities/Weekly.aspx?trade=207285459&service_id=1,207285459
Nasdaq,Jun,L,4/16,4/25,5.00,3.5,78.3,122.8333,-125.2000,2.75,2.35,13,1150.0000,2,Y,https://seasonaltrader.com/host/History/Commodities.aspx?trade=207285437&service_id=1,https://seasonaltrader.com/Charts/Commodities/Weekly.aspx?trade=207285437&service_id=1,207285437
Nasdaq,Jun,L,4/17,4/26,3.00,2.3,78.3,129.5417,-206.2500,2.44,4.06,13,1334.5000,1,Y,https://seasonaltrader.com/host/History/Commodities.aspx?trade=207285155&service_id=1,https://seasonaltrader.com/Charts/Commodities/Weekly.aspx?trade=207285155&service_id=1,207285155
Nasdaq,Jun,L,4/16,4/26,3.00,1.5,78.3,123.8056,-293.0500,2.75,4.10,13,1142.7500,2,Y,https://seasonaltrader.com/host/History/Commodities.aspx?trade=207285150&service_id=1,https://seasonaltrader.com/Charts/Commodities/Weekly.aspx?trade=207285150&service_id=1,207285150
Nasdaq,Jun,L,4/14,4/26,4.00,1.3,78.3,92.2083,-249.5000,3.32,2.68,10,664.7500,2,N,https://seasonaltrader.com/host/History/Commodities.aspx?trade=207285266&service_id=1,https://seasonaltrader.com/Charts/Commodities/Weekly.aspx?trade=207285266&service_id=1,207285266
Nasdaq,Jun,L,4/15,4/27,5.00,1.3,78.3,91.7083,-262.2500,3.30,3.53,7,425.2500,1,N,https://seasonaltrader.com/host/History/Commodities.aspx?trade=207285422&service_id=1,https://seasonaltrader.com/Charts/Commodities/Weekly.aspx?trade=207285422&service_id=1,207285422
Nasdaq,Jun,L,4/13,4/27,4.00,1.2,78.3,102.5833,-318.8500,3.28,5.03,10,922.5000,1,Y,https://seasonaltrader.com/host/History/Commodities.aspx?trade=207285258&service_id=1,https://seasonaltrader.com/Charts/Commodities/Weekly.aspx?trade=207285258&service_id=1,207285258
Nasdaq,Jun,L,4/14,4/25,4.00,1.1,78.3,92.9444,-316.3000,3.38,2.94,13,644.5000,2,N,https://seasonaltrader.com/host/History/Commodities.aspx?trade=207285265&service_id=1,https://seasonaltrader.com/Charts/Commodities/Weekly.aspx?trade=207285265&service_id=1,207285265
Nasdaq,Jun,L,4/15,4/26,5.00,1.1,78.3,80.1528,-271.2000,2.88,3.59,13,695.5000,2,N,https://seasonaltrader.com/host/History/Commodities.aspx?trade=207285421&service_id=1,https://seasonaltrader.com/Charts/Commodities/Weekly.aspx?trade=207285421&service_id=1,207285421
Nasdaq,Jun,L,4/15,4/26,3.00,0.9,78.3,80.1528,-322.4000,2.88,3.63,13,695.5000,2,N,https://seasonaltrader.com/host/History/Commodities.aspx?trade=207285146&service_id=1,https://seasonaltrader.com/Charts/Commodities/Weekly.aspx?trade=207285146&service_id=1,207285146
Nasdaq,Jun,L,4/15,4/25,5.00,0.9,78.3,78.7778,-319.4000,2.88,2.92,13,622.7500,2,N,https://seasonaltrader.com/host/History/Commodities.aspx?trade=207285420&service_id=1,https://seasonaltrader.com/Charts/Commodities/Weekly.aspx?trade=207285420&service_id=1,207285420
Nasdaq,Sep,L,4/17,4/27,5.00,7.0,82.6,137.2632,-93.1250,2.69,2.77,7,1532.2500,1,Y,https://seasonaltrader.com/host/History/Commodities.aspx?trade=207983547&service_id=1,https://seasonaltrader.com/Charts/Commodities/Weekly.aspx?trade=207983547&service_id=1,207983547
Nasdaq,Sep,L,4/17,4/26,5.00,6.7,82.6,124.6711,-89.0000,2.34,2.86,13,1510.7500,1,Y,https://seasonaltrader.com/host/History/Commodities.aspx?trade=207983546&service_id=1,https://seasonaltrader.com/Charts/Commodities/Weekly.aspx?trade=207983546&service_id=1,207983546
Nasdaq,Sep,L,4/21,4/27,3.00,21.3,78.3,193.9028,-32.8000,2.68,1.50,6,2787.0000,1,Y,https://seasonaltrader.com/host/History/Commodities.aspx?trade=207982980&service_id=1,https://seasonaltrader.com/Charts/Commodities/Weekly.aspx?trade=207982980&service_id=1,207982980
Nasdaq,Sep,L,4/22,4/27,3.00,15.7,78.3,150.4444,-34.5500,2.14,1.48,6,2050.7500,1,Y,https://seasonaltrader.com/host/History/Commodities.aspx?trade=207982992&service_id=1,https://seasonaltrader.com/Charts/Commodities/Weekly.aspx?trade=207982992&service_id=1,207982992
Nasdaq,Sep,L,4/16,4/27,5.00,8.9,78.3,132.0972,-53.1500,2.93,1.94,7,1172.2500,1,Y,https://seasonaltrader.com/host/History/Commodities.aspx?trade=207983524&service_id=1,https://seasonaltrader.com/Charts/Commodities/Weekly.aspx?trade=207983524&service_id=1,207983524
Nasdaq,Sep,L,4/16,4/26,5.00,6.8,78.3,123.0972,-65.3000,2.61,2.18,13,1153.7500,2,Y,https://seasonaltrader.com/host/History/Commodities.aspx?trade=207983523&service_id=1,https://seasonaltrader.com/Charts/Commodities/Weekly.aspx?trade=207983523&service_id=1,207983523
Nasdaq,Sep,L,4/16,4/29,5.00,6.7,78.3,164.4583,-88.4000,3.46,2.93,9,1684.5000,1,Y,https://seasonaltrader.com/host/History/Commodities.aspx?trade=207983526&service_id=1,https://seasonaltrader.com/Charts/Commodities/Weekly.aspx?trade=207983526&service_id=1,207983526
Nasdaq,Sep,L,4/17,4/29,5.00,5.6,78.3,178.9028,-115.7000,3.43,3.45,9,1931.5000,1,Y,https://seasonaltrader.com/host/History/Commodities.aspx?trade=207983549&service_id=1,https://seasonaltrader.com/Charts/Commodities/Weekly.aspx?trade=207983549&service_id=1,207983549
Nasdaq,Sep,L,4/17,4/25,5.00,4.2,78.3,122.8750,-105.8500,2.47,2.45,9,1162.7500,1,Y,https://seasonaltrader.com/host/History/Commodities.aspx?trade=207983545&service_id=1,https://seasonaltrader.com/Charts/Commodities/Weekly.aspx?trade=207983545&service_id=1,207983545
Nasdaq,Sep,L,4/16,4/25,5.00,3.4,78.3,122.0694,-127.6500,2.62,2.37,13,1161.2500,2,Y,https://seasonaltrader.com/host/History/Commodities.aspx?trade=207983522&service_id=1,https://seasonaltrader.com/Charts/Commodities/Weekly.aspx?trade=207983522&service_id=1,207983522
Nasdaq,Sep,L,4/17,4/26,3.00,2.3,78.3,130.7917,-207.3500,2.46,4.05,13,1339.2500,1,Y,https://seasonaltrader.com/host/History/Commodities.aspx?trade=207982974&service_id=1,https://seasonaltrader.com/Charts/Commodities/Weekly.aspx?trade=207982974&service_id=1,207982974
Nasdaq,Sep,L,4/16,4/26,3.00,1.5,78.3,123.0972,-295.3500,2.61,4.09,13,1153.7500,2,Y,https://seasonaltrader.com/host/History/Commodities.aspx?trade=207982969&service_id=1,https://seasonaltrader.com/Charts/Commodities/Weekly.aspx?trade=207982969&service_id=1,207982969
Nasdaq,Sep,L,4/14,4/26,4.00,1.3,78.3,93.5139,-253.3000,3.21,2.70,10,706.7500,2,N,https://seasonaltrader.com/host/History/Commodities.aspx?trade=207983187&service_id=1,https://seasonaltrader.com/Charts/Commodities/Weekly.aspx?trade=207983187&service_id=1,207983187
Nasdaq,Sep,L,4/15,4/27,5.00,1.2,78.3,89.7361,-267.4500,3.16,3.59,7,406.7500,1,N,https://seasonaltrader.com/host/History/Commodities.aspx?trade=207983503&service_id=1,https://seasonaltrader.com/Charts/Commodities/Weekly.aspx?trade=207983503&service_id=1,207983503
Nasdaq,Sep,L,4/13,4/27,4.00,1.1,78.3,102.1111,-323.0000,3.13,5.04,10,919.0000,1,Y,https://seasonaltrader.com/host/History/Commodities.aspx?trade=207983179&service_id=1,https://seasonaltrader.com/Charts/Commodities/Weekly.aspx?trade=207983179&service_id=1,207983179
Nasdaq,Sep,L,4/14,4/25,4.00,1.0,78.3,94.1806,-323.2500,3.27,3.00,13,651.7500,2,N,https://seasonaltrader.com/host/History/Commodities.aspx?trade=207983186&service_id=1,https://seasonaltrader.com/Charts/Commodities/Weekly.aspx?trade=207983186&service_id=1,207983186
Nasdaq,Sep,L,4/15,4/26,4.00,1.0,78.3,79.1528,-284.9000,2.77,3.38,13,679.7500,2,N,https://seasonaltrader.com/host/History/Commodities.aspx?trade=220481998&service_id=1,https://seasonaltrader.com/Charts/Commodities/Weekly.aspx?trade=220481998&service_id=1,220481998
Nasdaq,Sep,L,4/15,4/26,3.00,0.9,78.3,79.1528,-324.8500,2.77,3.61,13,679.7500,2,N,https://seasonaltrader.com/host/History/Commodities.aspx?trade=207982964&service_id=1,https://seasonaltrader.com/Charts/Commodities/Weekly.aspx?trade=207982964&service_id=1,207982964
Nasdaq,Sep,L,4/15,4/25,5.00,0.9,78.3,77.7083,-325.1500,2.78,2.97,13,606.7500,2,N,https://seasonaltrader.com/host/History/Commodities.aspx?trade=207983501&service_id=1,https://seasonaltrader.com/Charts/Commodities/Weekly.aspx?trade=207983501&service_id=1,207983501
Russell 2000,Jun,L,4/8,4/16,2.00,4.5,87.5,30.7857,-47.6000,1.87,2.28,6,110.4000,1,N/A,https://seasonaltrader.com/host/History/Commodities.aspx?trade=206747271&service_id=1,https://seasonaltrader.com/Charts/Commodities/Weekly.aspx?trade=206747271&service_id=1,206747271
Russell 2000,Jun,L,4/22,5/4,4.00,4.4,87.5,46.2143,-72.9000,2.73,4.06,5,196.3000,1,N/A,https://seasonaltrader.com/host/History/Commodities.aspx?trade=206747579&service_id=1,https://seasonaltrader.com/Charts/Commodities/Weekly.aspx?trade=206747579&service_id=1,206747579
Russell 2000,Jun,L,4/10,4/14,1.00,5.1,75.0,22.3667,-13.1500,1.30,0.66,4,70.1000,1,N/A,https://seasonaltrader.com/host/History/Commodities.aspx?trade=206747162&service_id=1,https://seasonaltrader.com/Charts/Commodities/Weekly.aspx?trade=206747162&service_id=1,206747162
Russell 2000,Jun,L,4/8,4/14,2.00,4.9,75.0,39.7333,-24.3500,2.55,1.17,4,121.2000,1,N/A,https://seasonaltrader.com/host/History/Commodities.aspx?trade=206747270&service_id=1,https://seasonaltrader.com/Charts/Commodities/Weekly.aspx?trade=206747270&service_id=1,206747270
Russell 2000,Jun,L,4/21,5/7,2.00,4.1,75.0,68.8667,-50.8500,4.20,2.68,4,235.8000,2,N/A,https://seasonaltrader.com/host/History/Commodities.aspx?trade=207287874&service_id=1,https://seasonaltrader.com/Charts/Commodities/Weekly.aspx?trade=207287874&service_id=1,207287874
Russell 2000,Jun,L,4/21,5/5,2.00,3.9,75.0,65.9000,-50.8500,4.03,2.68,4,249.7000,2,N/A,https://seasonaltrader.com/host/History/Commodities.aspx?trade=207287872&service_id=1,https://seasonaltrader.com/Charts/Commodities/Weekly.aspx?trade=207287872&service_id=1,207287872
Russell 2000,Jun,L,4/22,5/7,2.00,3.8,75.0,57.3500,-45.4000,3.47,2.44,4,182.4000,2,N/A,https://seasonaltrader.com/host/History/Commodities.aspx?trade=207287878&service_id=1,https://seasonaltrader.com/Charts/Commodities/Weekly.aspx?trade=207287878&service_id=1,207287878
Russell 2000,Jun,L,4/21,5/4,2.00,3.7,75.0,63.3333,-50.8500,3.80,2.68,4,249.7000,2,N/A,https://seasonaltrader.com/host/History/Commodities.aspx?trade=207287871&service_id=1,https://seasonaltrader.com/Charts/Commodities/Weekly.aspx?trade=207287871&service_id=1,207287871
Russell 2000,Jun,L,4/22,5/5,5.00,3.7,75.0,54.3833,-44.5500,3.30,2.37,4,196.3000,2,N/A,https://seasonaltrader.com/host/History/Commodities.aspx?trade=220490623&service_id=1,https://seasonaltrader.com/Charts/Commodities/Weekly.aspx?trade=220490623&service_id=1,220490623
Russell 2000,Jun,L,4/22,5/5,2.00,3.6,75.0,54.3833,-45.4000,3.30,2.44,4,196.3000,2,N/A,https://seasonaltrader.com/host/History/Commodities.aspx?trade=207287876&service_id=1,https://seasonaltrader.com/Charts/Commodities/Weekly.aspx?trade=207287876&service_id=1,207287876
Russell 2000,Jun,L,4/10,4/24,5.00,3.6,75.0,36.5333,-30.8000,1.94,1.53,4,120.8000,1,N/A,https://seasonaltrader.com/host/History/Commodities.aspx?trade=207288031&service_id=1,https://seasonaltrader.com/Charts/Commodities/Weekly.aspx?trade=207288031&service_id=1,207288031
Russell 2000,Jun,L,4/8,4/14,1.00,3.5,75.0,39.7333,-34.1000,2.55,1.79,4,121.2000,1,N/A,https://seasonaltrader.com/host/History/Commodities.aspx?trade=206747156&service_id=1,https://seasonaltrader.com/Charts/Commodities/Weekly.aspx?trade=206747156&service_id=1,206747156
Russell 2000,Jun,L,4/21,5/6,2.00,3.5,75.0,60.0333,-50.8500,3.63,2.68,4,221.0000,2,N/A,https://seasonaltrader.com/host/History/Commodities.aspx?trade=207287873&service_id=1,https://seasonaltrader.com/Charts/Commodities/Weekly.aspx?trade=207287873&service_id=1,207287873
Russell 2000,Jun,L,4/20,5/10,5.00,3.5,75.0,84.7667,-72.5000,5.09,3.66,4,335.9000,2,N/A,https://seasonaltrader.com/host/History/Commodities.aspx?trade=207288108&service_id=1,https://seasonaltrader.com/Charts/Commodities/Weekly.aspx?trade=207288108&service_id=1,207288108
Russell 2000,Jun,L,4/22,5/4,2.00,3.4,75.0,51.8167,-45.4000,3.08,2.44,4,196.3000,2,N/A,https://seasonaltrader.com/host/History/Commodities.aspx?trade=207287875&service_id=1,https://seasonaltrader.com/Charts/Commodities/Weekly.aspx?trade=207287875&service_id=1,207287875
Russell 2000,Jun,L,4/22,5/6,2.00,3.2,75.0,48.5167,-45.4000,2.92,2.44,4,167.6000,2,N/A,https://seasonaltrader.com/host/History/Commodities.aspx?trade=207287877&service_id=1,https://seasonaltrader.com/Charts/Commodities/Weekly.aspx?trade=207287877&service_id=1,207287877
Russell 2000,Jun,L,4/8,4/16,1.00,3.1,75.0,35.5833,-34.1000,2.16,1.79,4,105.1000,1,N/A,https://seasonaltrader.com/host/History/Commodities.aspx?trade=206747157&service_id=1,https://seasonaltrader.com/Charts/Commodities/Weekly.aspx?trade=206747157&service_id=1,206747157
Russell 2000,Jun,L,4/20,5/8,5.00,3.0,75.0,72.9167,-74.0500,4.51,3.75,4,261.7000,2,N/A,https://seasonaltrader.com/host/History/Commodities.aspx?trade=207288106&service_id=1,https://seasonaltrader.com/Charts/Commodities/Weekly.aspx?trade=207288106&service_id=1,207288106
Russell 2000,Jun,L,4/20,5/10,3.00,2.9,75.0,84.7667,-86.2500,5.09,4.43,4,335.9000,2,N/A,https://seasonaltrader.com/host/History/Commodities.aspx?trade=207287926&service_id=1,https://seasonaltrader.com/Charts/Commodities/Weekly.aspx?trade=207287926&service_id=1,207287926
Russell 2000,Jun,L,4/20,5/5,5.00,2.9,75.0,68.9333,-72.3000,3.97,3.65,4,249.7000,2,N/A,https://seasonaltrader.com/host/History/Commodities.aspx?trade=207288103&service_id=1,https://seasonaltrader.com/Charts/Commodities/Weekly.aspx?trade=207288103&service_id=1,207288103
Russell 2000,Jun,L,4/20,5/7,5.00,2.9,75.0,71.9000,-74.0500,4.13,3.75,4,235.8000,2,N/A,https://seasonaltrader.com/host/History/Commodities.aspx?trade=207288105&service_id=1,https://seasonaltrader.com/Charts/Commodities/Weekly.aspx?trade=207288105&service_id=1,207288105
Russell 2000,Jun,L,4/20,5/9,5.00,2.9,75.0,74.2500,-76.4500,4.49,3.88,4,284.9000,2,N/A,https://seasonaltrader.com/host/History/Commodities.aspx?trade=207288107&service_id=1,https://seasonaltrader.com/Charts/Commodities/Weekly.aspx?trade=207288107&service_id=1,207288107
Russell 2000,Jun,L,4/25,5/10,2.00,2.6,75.0,52.3000,-60.6500,2.95,2.91,3,226.6000,2,N/A,https://seasonaltrader.com/host/History/Commodities.aspx?trade=207287881&service_id=1,https://seasonaltrader.com/Charts/Commodities/Weekly.aspx?trade=207287881&service_id=1,207287881
Russell 2000,Jun,L,4/20,5/9,3.00,2.6,75.0,74.2500,-86.2500,4.49,4.43,4,284.9000,2,N/A,https://seasonaltrader.com/host/History/Commodities.aspx?trade=207287925&service_id=1,https://seasonaltrader.com/Charts/Commodities/Weekly.aspx?trade=207287925&service_id=1,207287925
Russell 2000,Jun,L,4/6,4/29,4.00,2.6,75.0,79.0500,-91.1500,5.73,4.44,4,311.9000,1,N/A,https://seasonaltrader.com/host/History/Commodities.aspx?trade=206747570&service_id=1,https://seasonaltrader.com/Charts/Commodities/Weekly.aspx?trade=206747570&service_id=1,206747570
Russell 2000,Jun,L,4/20,5/6,5.00,2.6,75.0,63.0667,-74.0500,3.58,3.75,4,221.0000,2,N/A,https://seasonaltrader.com/host/History/Commodities.aspx?trade=207288104&service_id=1,https://seasonaltrader.com/Charts/Commodities/Weekly.aspx?trade=207288104&service_id=1,207288104
Russell 2000,Jun,L,4/20,5/7,3.00,2.5,75.0,71.9000,-86.2500,4.13,4.43,4,235.8000,2,N/A,https://seasonaltrader.com/host/History/Commodities.aspx?trade=207287923&service_id=1,https://seasonaltrader.com/Charts/Commodities/Weekly.aspx?trade=207287923&service_id=1,207287923
Russell 2000,Jun,L,4/20,5/8,3.00,2.5,75.0,72.9167,-86.2500,4.51,4.43,4,261.7000,2,N/A,https://seasonaltrader.com/host/History/Commodities.aspx?trade=207287924&service_id=1,https://seasonaltrader.com/Charts/Commodities/Weekly.aspx?trade=207287924&service_id=1,207287924
Russell 2000,Jun,L,4/8,4/24,3.00,2.5,75.0,56.5000,-66.9500,3.34,3.28,4,197.7000,1,N/A,https://seasonaltrader.com/host/History/Commodities.aspx?trade=206747473&service_id=1,https://seasonaltrader.com/Charts/Commodities/Weekly.aspx?trade=206747473&service_id=1,206747473
Russell 2000,Jun,L,4/19,5/7,3.00,2.4,75.0,66.5667,-83.5000,3.89,4.33,4,257.0000,2,N/A,https://seasonaltrader.com/host/History/Commodities.aspx?trade=207287919&service_id=1,https://seasonaltrader.com/Charts/Commodities/Weekly.aspx?trade=207287919&service_id=1,207287919
Russell 2000,Jun,L,4/20,5/5,3.00,2.4,75.0,68.9333,-86.2500,3.97,4.43,4,249.7000,2,N/A,https://seasonaltrader.com/host/History/Commodities.aspx?trade=207287921&service_id=1,https://seasonaltrader.com/Charts/Commodities/Weekly.aspx?trade=207287921&service_id=1,207287921
Russell 2000,Jun,L,4/19,5/5,3.00,2.3,75.0,63.6000,-83.5000,3.72,4.33,4,270.9000,2,N/A,https://seasonaltrader.com/host/History/Commodities.aspx?trade=207287917&service_id=1,https://seasonaltrader.com/Charts/Commodities/Weekly.aspx?trade=207287917&service_id=1,207287917
Russell 2000,Jun,L,4/20,5/4,3.00,2.3,75.0,66.3667,-86.2500,3.74,4.43,4,249.7000,2,N/A,https://seasonaltrader.com/host/History/Commodities.aspx?trade=207287920&service_id=1,https://seasonaltrader.com/Charts/Commodities/Weekly.aspx?trade=207287920&service_id=1,207287920
Russell 2000,Jun,L,4/12,5/7,4.00,2.3,75.0,47.8167,-62.8500,2.82,3.23,4,159.8000,2,N/A,https://seasonaltrader.com/host/History/Commodities.aspx?trade=207287953&service_id=1,https://seasonaltrader.com/Charts/Commodities/Weekly.aspx?trade=207287953&service_id=1,207287953
Russell 2000,Jun,L,4/7,4/24,4.00,2.3,75.0,59.3000,-76.7000,3.78,3.72,4,213.4000,1,N/A,https://seasonaltrader.com/host/History/Commodities.aspx?trade=206747573&service_id=1,https://seasonaltrader.com/Charts/Commodities/Weekly.aspx?trade=206747573&service_id=1,206747573
Russell 2000,Jun,L,4/20,5/6,3.00,2.2,75.0,63.0667,-86.2500,3.58,4.43,4,221.0000,2,N/A,https://seasonaltrader.com/host/History/Commodities.aspx?trade=207287922&service_id=1,https://seasonaltrader.com/Charts/Commodities/Weekly.aspx?trade=207287922&service_id=1,207287922
Russell 2000,Jun,L,4/12,5/5,4.00,2.2,75.0,44.8500,-61.1000,2.65,3.13,4,173.7000,2,N/A,https://seasonaltrader.com/host/History/Commodities.aspx?trade=207287951&service_id=1,https://seasonaltrader.com/Charts/Commodities/Weekly.aspx?trade=207287951&service_id=1,207287951
Russell 2000,Jun,L,4/6,4/28,4.00,2.2,75.0,66.5500,-91.1500,4.64,4.44,4,249.4000,1,N/A,https://seasonaltrader.com/host/History/Commodities.aspx?trade=206747569&service_id=1,https://seasonaltrader.com/Charts/Commodities/Weekly.aspx?trade=206747569&service_id=1,206747569
Russell 2000,Jun,L,4/7,4/13,4.00,2.2,75.0,36.8333,-50.2000,2.60,2.41,4,129.5000,1,N/A,https://seasonaltrader.com/host/History/Commodities.aspx?trade=220490589&service_id=1,https://seasonaltrader.com/Charts/Commodities/Weekly.aspx?trade=220490589&service_id=1,220490589
Russell 2000,Jun,L,4/10,5/5,5.00,2.2,75.0,51.0000,-68.3000,3.06,3.51,4,194.5000,2,N/A,https://seasonaltrader.com/host/History/Commodities.aspx?trade=207288034&service_id=1,https://seasonaltrader.com/Charts/Commodities/Weekly.aspx?trade=207288034&service_id=1,207288034
Russell 2000,Jun,L,4/13,4/24,5.00,2.2,75.0,30.0000,-40.1000,1.54,2.01,4,94.5000,2,N/A,https://seasonaltrader.com/host/History/Commodities.aspx?trade=207288062&service_id=1,https://seasonaltrader.com/Charts/Commodities/Weekly.aspx?trade=207288062&service_id=1,207288062
Russell 2000,Jun,L,4/19,5/6,3.00,2.1,75.0,57.7333,-83.5000,3.33,4.33,4,242.2000,2,N/A,https://seasonaltrader.com/host/History/Commodities.aspx?trade=207287918&service_id=1,https://seasonaltrader.com/Charts/Commodities/Weekly.aspx?trade=207287918&service_id=1,207287918
Russell 2000,Jun,L,4/7,4/16,4.00,2.1,75.0,38.2500,-54.4000,2.61,2.61,4,161.8000,1,N/A,https://seasonaltrader.com/host/History/Commodities.aspx?trade=220490590&service_id=1,https://seasonaltrader.com/Charts/Commodities/Weekly.aspx?trade=220490590&service_id=1,220490590
Russell 2000,Jun,L,4/25,5/8,2.00,2.0,75.0,39.9333,-60.6500,2.36,2.91,3,149.3000,2,N/A,https://seasonaltrader.com/host/History/Commodities.aspx?trade=207287880&service_id=1,https://seasonaltrader.com/Charts/Commodities/Weekly.aspx?trade=207287880&service_id=1,207287880
Russell 2000,Jun,L,4/8,4/23,3.00,2.0,75.0,44.3167,-66.9500,2.64,3.28,4,164.7000,1,N/A,https://seasonaltrader.com/host/History/Commodities.aspx?trade=206747472&service_id=1,https://seasonaltrader.com/Charts/Commodities/Weekly.aspx?trade=206747472&service_id=1,206747472
Russell 2000,Jun,L,4/10,4/24,4.00,2.0,75.0,36.5333,-54.9500,1.94,2.71,4,120.8000,1,N/A,https://seasonaltrader.com/host/History/Commodities.aspx?trade=206747577&service_id=1,https://seasonaltrader.com/Charts/Commodities/Weekly.aspx?trade=206747577&service_id=1,206747577
Russell 2000,Jun,L,4/13,5/7,4.00,2.0,75.0,54.4500,-82.5500,3.18,4.30,4,188.0000,2,N/A,https://seasonaltrader.com/host/History/Commodities.aspx?trade=207287960&service_id=1,https://seasonaltrader.com/Charts/Commodities/Weekly.aspx?trade=207287960&service_id=1,207287960
Russell 2000,Jun,L,4/6,4/30,4.00,2.0,75.0,60.5833,-91.1500,4.37,4.44,4,219.3000,1,N/A,https://seasonaltrader.com/host/History/Commodities.aspx?trade=206747571&service_id=1,https://seasonaltrader.com/Charts/Commodities/Weekly.aspx?trade=206747571&service_id=1,206747571
Russell 2000,Jun,L,4/10,4/16,1.00,1.9,75.0,19.9333,-30.7500,1.07,2.14,3,71.3000,1,N/A,https://seasonaltrader.com/host/History/Commodities.aspx?trade=206747163&service_id=1,https://seasonaltrader.com/Charts/Commodities/Weekly.aspx?trade=206747163&service_id=1,206747163
Russell 2000,Jun,L,4/12,5/6,4.00,1.9,75.0,38.9833,-62.8500,2.27,3.23,4,145.0000,2,N/A,https://seasonaltrader.com/host/History/Commodities.aspx?trade=207287952&service_id=1,https://seasonaltrader.com/Charts/Commodities/Weekly.aspx?trade=207287952&service_id=1,207287952
Russell 2000,Jun,L,4/13,4/27,4.00,1.9,75.0,43.9167,-70.0500,2.55,3.61,4,150.3000,2,N/A,https://seasonaltrader.com/host/History/Commodities.aspx?trade=207287956&service_id=1,https://seasonaltrader.com/Charts/Commodities/Weekly.aspx?trade=207287956&service_id=1,207287956
Russell 2000,Jun,L,4/13,5/5,4.00,1.9,75.0,51.4833,-82.5500,3.02,4.30,4,201.9000,2,N/A,https://seasonaltrader.com/host/History/Commodities.aspx?trade=207287958&service_id=1,https://seasonaltrader.com/Charts/Commodities/Weekly.aspx?trade=207287958&service_id=1,207287958
Russell 2000,Jun,L,4/6,4/24,4.00,1.9,75.0,57.4667,-91.1500,3.73,4.44,4,179.0000,1,N/A,https://seasonaltrader.com/host/History/Commodities.aspx?trade=206747568&service_id=1,https://seasonaltrader.com/Charts/Commodities/Weekly.aspx?trade=206747568&service_id=1,206747568
Russell 2000,Jun,L,4/13,4/24,4.00,1.8,75.0,30.0000,-50.6000,1.54,2.53,4,94.5000,2,N/A,https://seasonaltrader.com/host/History/Commodities.aspx?trade=207287954&service_id=1,https://seasonaltrader.com/Charts/Commodities/Weekly.aspx?trade=207287954&service_id=1,207287954
Russell 2000,Jun,L,4/13,5/4,4.00,1.8,75.0,48.9167,-82.5500,2.79,4.30,4,201.9000,2,N/A,https://seasonaltrader.com/host/History/Commodities.aspx?trade=207287957&service_id=1,https://seasonaltrader.com/Charts/Commodities/Weekly.aspx?trade=207287957&service_id=1,207287957
Russell 2000,Jun,L,4/7,4/23,4.00,1.8,75.0,47.1167,-76.7000,3.07,3.72,4,173.3000,1,N/A,https://seasonaltrader.com/host/History/Commodities.aspx?trade=206747572&service_id=1,https://seasonaltrader.com/Charts/Commodities/Weekly.aspx?trade=206747572&service_id=1,206747572
Russell 2000,Jun,L,4/11,5/5,5.00,1.8,75.0,44.7167,-73.6500,2.71,3.81,4,156.8000,2,N/A,https://seasonaltrader.com/host/History/Commodities.aspx?trade=207288043&service_id=1,https://seasonaltrader.com/Charts/Commodities/Weekly.aspx?trade=207288043&service_id=1,207288043
Russell 2000,Jun,L,4/14,5/7,5.00,1.8,75.0,45.8333,-77.0500,2.62,3.95,4,188.0000,2,N/A,https://seasonaltrader.com/host/History/Commodities.aspx?trade=207288076&service_id=1,https://seasonaltrader.com/Charts/Commodities/Weekly.aspx?trade=207288076&service_id=1,207288076
Russell 2000,Jun,L,4/25,5/7,3.00,1.7,75.0,27.8833,-49.8000,1.53,2.43,3,123.4000,2,N/A,https://seasonaltrader.com/host/History/Commodities.aspx?trade=207287927&service_id=1,https://seasonaltrader.com/Charts/Commodities/Weekly.aspx?trade=207287927&service_id=1,207287927
Russell 2000,Jun,L,4/13,5/6,4.00,1.7,75.0,45.6167,-82.5500,2.63,4.30,4,173.2000,2,N/A,https://seasonaltrader.com/host/History/Commodities.aspx?trade=207287959&service_id=1,https://seasonaltrader.com/Charts/Commodities/Weekly.aspx?trade=207287959&service_id=1,207287959
Russell 2000,Jun,L,4/15,5/7,4.00,1.7,75.0,53.7500,-95.3000,3.39,4.97,4,184.5000,2,N/A,https://seasonaltrader.com/host/History/Commodities.aspx?trade=207287961&service_id=1,https://seasonaltrader.com/Charts/Commodities/Weekly.aspx?trade=207287961&service_id=1,207287961
Russell 2000,Jun,L,4/16,5/7,4.00,1.7,75.0,53.0500,-95.3000,3.18,4.97,4,213.5000,2,N/A,https://seasonaltrader.com/host/History/Commodities.aspx?trade=207287962&service_id=1,https://seasonaltrader.com/Charts/Commodities/Weekly.aspx?trade=207287962&service_id=1,207287962
Russell 2000,Jun,L,4/4,4/24,4.00,1.7,75.0,52.7833,-91.0500,3.46,4.37,4,172.4000,1,N/A,https://seasonaltrader.com/host/History/Commodities.aspx?trade=206747563&service_id=1,https://seasonaltrader.com/Charts/Commodities/Weekly.aspx?trade=206747563&service_id=1,206747563
Russell 2000,Jun,L,4/7,4/19,4.00,1.7,75.0,33.7667,-59.9000,2.43,3.02,4,131.1000,1,N/A,https://seasonaltrader.com/host/History/Commodities.aspx?trade=220490591&service_id=1,https://seasonaltrader.com/Charts/Commodities/Weekly.aspx?trade=220490591&service_id=1,220490591
Russell 2000,Jun,L,4/10,5/3,5.00,1.7,75.0,48.6833,-84.6500,2.82,4.43,4,172.0000,2,N/A,https://seasonaltrader.com/host/History/Commodities.aspx?trade=207288032&service_id=1,https://seasonaltrader.com/Charts/Commodities/Weekly.aspx?trade=207288032&service_id=1,207288032
Russell 2000,Jun,L,4/13,4/26,4.00,1.6,75.0,41.8000,-80.1500,2.43,4.17,4,146.8000,2,N/A,https://seasonaltrader.com/host/History/Commodities.aspx?trade=207287955&service_id=1,https://seasonaltrader.com/Charts/Commodities/Weekly.aspx?trade=207287955&service_id=1,207287955
Russell 2000,Jun,L,4/10,5/4,5.00,1.6,75.0,48.4333,-89.1500,2.83,4.68,4,194.5000,2,N/A,https://seasonaltrader.com/host/History/Commodities.aspx?trade=207288033&service_id=1,https://seasonaltrader.com/Charts/Commodities/Weekly.aspx?trade=207288033&service_id=1,207288033
Russell 2000,Jun,L,4/12,5/4,4.00,1.5,75.0,42.2833,-81.9500,2.43,4.30,4,173.7000,2,N/A,https://seasonaltrader.com/host/History/Commodities.aspx?trade=207287950&service_id=1,https://seasonaltrader.com/Charts/Commodities/Weekly.aspx?trade=207287950&service_id=1,207287950
Russell 2000,Jun,L,4/5,4/24,4.00,1.5,75.0,52.0833,-104.3000,3.39,5.06,4,143.3000,1,N/A,https://seasonaltrader.com/host/History/Commodities.aspx?trade=206747565&service_id=1,https://seasonaltrader.com/Charts/Commodities/Weekly.aspx?trade=206747565&service_id=1,206747565
Russell 2000,Jun,L,4/6,4/23,4.00,1.5,75.0,45.2833,-91.1500,3.02,4.44,4,138.9000,1,N/A,https://seasonaltrader.com/host/History/Commodities.aspx?trade=206747567&service_id=1,https://seasonaltrader.com/Charts/Commodities/Weekly.aspx?trade=206747567&service_id=1,206747567
Russell 2000,Jun,L,4/11,5/6,5.00,1.5,75.0,38.8500,-75.4000,2.32,3.90,4,128.1000,2,N/A,https://seasonaltrader.com/host/History/Commodities.aspx?trade=207288044&service_id=1,https://seasonaltrader.com/Charts/Commodities/Weekly.aspx?trade=207288044&service_id=1,207288044
Russell 2000,Jun,L,4/25,5/7,2.00,1.4,75.0,27.8833,-60.6500,1.53,2.91,3,123.4000,2,N/A,https://seasonaltrader.com/host/History/Commodities.aspx?trade=207287879&service_id=1,https://seasonaltrader.com/Charts/Commodities/Weekly.aspx?trade=207287879&service_id=1,207287879
Russell 2000,Jun,L,4/11,4/15,1.00,1.3,75.0,16.4333,-37.2500,0.87,2.45,3,58.5000,1,N/A,https://seasonaltrader.com/host/History/Commodities.aspx?trade=206747167&service_id=1,https://seasonaltrader.com/Charts/Commodities/Weekly.aspx?trade=206747167&service_id=1,206747167
Russell 2000,Jun,L,4/4,4/23,4.00,1.3,75.0,40.6000,-91.0500,2.75,4.37,4,132.3000,1,N/A,https://seasonaltrader.com/host/History/Commodities.aspx?trade=206747562&service_id=1,https://seasonaltrader.com/Charts/Commodities/Weekly.aspx?trade=206747562&service_id=1,206747562
Russell 2000,Jun,L,4/11,5/4,5.00,1.3,75.0,42.1500,-94.5000,2.48,4.97,4,156.8000,2,N/A,https://seasonaltrader.com/host/History/Commodities.aspx?trade=207288042&service_id=1,https://seasonaltrader.com/Charts/Commodities/Weekly.aspx?trade=207288042&service_id=1,207288042
Russell 2000,Jun,L,4/11,4/16,1.00,1.1,75.0,14.0333,-37.2500,0.74,2.45,3,60.6000,1,N/A,https://seasonaltrader.com/host/History/Commodities.aspx?trade=206747168&service_id=1,https://seasonaltrader.com/Charts/Commodities/Weekly.aspx?trade=206747168&service_id=1,206747168
Russell 2000,Jun,L,4/5,4/23,4.00,1.1,75.0,39.9000,-104.3000,2.68,5.06,4,103.2000,1,N/A,https://seasonaltrader.com/host/History/Commodities.aspx?trade=206747564&service_id=1,https://seasonaltrader.com/Charts/Commodities/Weekly.aspx?trade=206747564&service_id=1,206747564
Russell 2000,Sep,L,4/22,5/4,4.00,4.4,87.5,46.9000,-74.6000,2.76,4.11,5,194.8000,1,N/A,https://seasonaltrader.com/host/History/Commodities.aspx?trade=206751899&service_id=1,https://seasonaltrader.com/Charts/Commodities/Weekly.aspx?trade=206751899&service_id=1,206751899
Russell 2000,Sep,L,4/20,5/10,2.00,5.4,75.0,87.7000,-49.1500,5.25,2.55,4,340.2000,2,N/A,https://seasonaltrader.com/host/History/Commodities.aspx?trade=220409735&service_id=1,https://seasonaltrader.com/Charts/Commodities/Weekly.aspx?trade=220409735&service_id=1,220409735
Russell 2000,Sep,L,4/20,4/24,2.00,5.1,75.0,51.3333,-30.0500,2.74,1.53,3,166.1000,1,N/A,https://seasonaltrader.com/host/History/Commodities.aspx?trade=220409728&service_id=1,https://seasonaltrader.com/Charts/Commodities/Weekly.aspx?trade=220409728&service_id=1,220409728
Russell 2000,Sep,L,4/20,5/8,2.00,4.6,75.0,75.0667,-49.1500,4.63,2.55,4,260.2000,2,N/A,https://seasonaltrader.com/host/History/Commodities.aspx?trade=220409733&service_id=1,https://seasonaltrader.com/Charts/Commodities/Weekly.aspx?trade=220409733&service_id=1,220409733
Russell 2000,Sep,L,4/20,5/9,2.00,4.6,75.0,74.9167,-49.1500,4.52,2.55,4,281.7000,2,N/A,https://seasonaltrader.com/host/History/Commodities.aspx?trade=220409734&service_id=1,https://seasonaltrader.com/Charts/Commodities/Weekly.aspx?trade=220409734&service_id=1,220409734
Russell 2000,Sep,L,4/20,5/5,2.00,4.3,75.0,71.1833,-49.1500,4.11,2.55,4,246.7000,2,N/A,https://seasonaltrader.com/host/History/Commodities.aspx?trade=220409730&service_id=1,https://seasonaltrader.com/Charts/Commodities/Weekly.aspx?trade=220409730&service_id=1,220409730
Russell 2000,Sep,L,4/20,5/7,2.00,4.3,75.0,70.8167,-49.1500,4.06,2.55,4,232.8000,2,N/A,https://seasonaltrader.com/host/History/Commodities.aspx?trade=220409732&service_id=1,https://seasonaltrader.com/Charts/Commodities/Weekly.aspx?trade=220409732&service_id=1,220409732
Russell 2000,Sep,L,4/20,5/4,2.00,4.2,75.0,69.5167,-49.1500,3.94,2.55,4,246.7000,2,N/A,https://seasonaltrader.com/host/History/Commodities.aspx?trade=220409729&service_id=1,https://seasonaltrader.com/Charts/Commodities/Weekly.aspx?trade=220409729&service_id=1,220409729
Russell 2000,Sep,L,4/20,5/6,2.00,4.0,75.0,64.9000,-49.1500,3.70,2.55,4,217.9000,2,N/A,https://seasonaltrader.com/host/History/Commodities.aspx?trade=220409731&service_id=1,https://seasonaltrader.com/Charts/Commodities/Weekly.aspx?trade=220409731&service_id=1,220409731
Russell 2000,Sep,L,4/21,5/7,2.00,4.0,75.0,64.0500,-48.0500,3.88,2.53,4,232.8000,2,N/A,https://seasonaltrader.com/host/History/Commodities.aspx?trade=220409738&service_id=1,https://seasonaltrader.com/Charts/Commodities/Weekly.aspx?trade=220409738&service_id=1,220409738
Russell 2000,Sep,L,4/21,5/4,2.00,3.9,75.0,62.7500,-48.0500,3.75,2.53,4,246.7000,2,N/A,https://seasonaltrader.com/host/History/Commodities.aspx?trade=220409736&service_id=1,https://seasonaltrader.com/Charts/Commodities/Weekly.aspx?trade=220409736&service_id=1,220409736
Russell 2000,Sep,L,4/10,4/24,5.00,3.9,75.0,38.6667,-30.1000,2.06,1.49,4,127.0000,1,N/A,https://seasonaltrader.com/host/History/Commodities.aspx?trade=220410035&service_id=1,https://seasonaltrader.com/Charts/Commodities/Weekly.aspx?trade=220410035&service_id=1,220410035
Russell 2000,Sep,L,4/8,4/14,2.00,3.8,75.0,35.0833,-27.4000,2.24,1.30,4,112.9000,1,N/A,https://seasonaltrader.com/host/History/Commodities.aspx?trade=206750989&service_id=1,https://seasonaltrader.com/Charts/Commodities/Weekly.aspx?trade=206750989&service_id=1,206750989
Russell 2000,Sep,L,4/21,5/6,2.00,3.6,75.0,58.1333,-48.0500,3.52,2.53,4,217.9000,2,N/A,https://seasonaltrader.com/host/History/Commodities.aspx?trade=220409737&service_id=1,https://seasonaltrader.com/Charts/Commodities/Weekly.aspx?trade=220409737&service_id=1,220409737
Russell 2000,Sep,L,4/8,4/16,2.00,3.6,75.0,32.7333,-27.3000,1.91,1.29,4,108.3000,1,N/A,https://seasonaltrader.com/host/History/Commodities.aspx?trade=206750991&service_id=1,https://seasonaltrader.com/Charts/Commodities/Weekly.aspx?trade=206750991&service_id=1,206750991
Russell 2000,Sep,L,4/8,4/15,2.00,3.5,75.0,32.0833,-27.4000,1.79,1.30,4,123.3000,1,N/A,https://seasonaltrader.com/host/History/Commodities.aspx?trade=206750990&service_id=1,https://seasonaltrader.com/Charts/Commodities/Weekly.aspx?trade=206750990&service_id=1,206750990
Russell 2000,Sep,L,4/22,5/5,2.00,3.2,75.0,55.8333,-53.0500,3.37,2.82,4,194.8000,2,N/A,https://seasonaltrader.com/host/History/Commodities.aspx?trade=220409740&service_id=1,https://seasonaltrader.com/Charts/Commodities/Weekly.aspx?trade=220409740&service_id=1,220409740
Russell 2000,Sep,L,4/22,5/4,2.00,3.1,75.0,54.1667,-53.0500,3.20,2.82,4,194.8000,2,N/A,https://seasonaltrader.com/host/History/Commodities.aspx?trade=220409739&service_id=1,https://seasonaltrader.com/Charts/Commodities/Weekly.aspx?trade=220409739&service_id=1,220409739
Russell 2000,Sep,L,4/22,5/7,2.00,3.1,75.0,55.4667,-53.0500,3.33,2.82,4,180.9000,2,N/A,https://seasonaltrader.com/host/History/Commodities.aspx?trade=220409742&service_id=1,https://seasonaltrader.com/Charts/Commodities/Weekly.aspx?trade=220409742&service_id=1,220409742
Russell 2000,Sep,L,4/8,4/24,3.00,2.9,75.0,54.9500,-57.7000,3.20,2.79,4,197.9000,1,N/A,https://seasonaltrader.com/host/History/Commodities.aspx?trade=206751358&service_id=1,https://seasonaltrader.com/Charts/Commodities/Weekly.aspx?trade=206751358&service_id=1,206751358
Russell 2000,Sep,L,4/8,4/14,1.00,2.8,75.0,35.0833,-37.2500,2.24,1.92,4,112.9000,1,N/A,https://seasonaltrader.com/host/History/Commodities.aspx?trade=206750710&service_id=1,https://seasonaltrader.com/Charts/Commodities/Weekly.aspx?trade=206750710&service_id=1,206750710
Russell 2000,Sep,L,4/22,5/6,2.00,2.8,75.0,49.5500,-53.0500,2.97,2.82,4,166.0000,2,N/A,https://seasonaltrader.com/host/History/Commodities.aspx?trade=220409741&service_id=1,https://seasonaltrader.com/Charts/Commodities/Weekly.aspx?trade=220409741&service_id=1,220409741
Russell 2000,Sep,L,4/19,5/5,3.00,2.7,75.0,66.5000,-74.1500,3.90,3.81,4,268.9000,2,N/A,https://seasonaltrader.com/host/History/Commodities.aspx?trade=220409835&service_id=1,https://seasonaltrader.com/Charts/Commodities/Weekly.aspx?trade=220409835&service_id=1,220409835
Russell 2000,Sep,L,4/19,5/7,3.00,2.7,75.0,66.1333,-74.1500,3.85,3.81,4,255.0000,2,N/A,https://seasonaltrader.com/host/History/Commodities.aspx?trade=220409837&service_id=1,https://seasonaltrader.com/Charts/Commodities/Weekly.aspx?trade=220409837&service_id=1,220409837
Russell 2000,Sep,L,4/8,4/15,1.00,2.6,75.0,32.0833,-37.2500,1.79,1.92,4,123.3000,1,N/A,https://seasonaltrader.com/host/History/Commodities.aspx?trade=206750711&service_id=1,https://seasonaltrader.com/Charts/Commodities/Weekly.aspx?trade=206750711&service_id=1,206750711
Russell 2000,Sep,L,4/8,4/16,1.00,2.6,75.0,32.7333,-37.2500,1.91,1.92,4,108.3000,1,N/A,https://seasonaltrader.com/host/History/Commodities.aspx?trade=206750712&service_id=1,https://seasonaltrader.com/Charts/Commodities/Weekly.aspx?trade=206750712&service_id=1,206750712
Russell 2000,Sep,L,4/19,5/4,3.00,2.6,75.0,64.8333,-74.1500,3.73,3.81,4,268.9000,2,N/A,https://seasonaltrader.com/host/History/Commodities.aspx?trade=220409834&service_id=1,https://seasonaltrader.com/Charts/Commodities/Weekly.aspx?trade=220409834&service_id=1,220409834
Russell 2000,Sep,L,4/13,4/24,5.00,2.6,75.0,34.1000,-39.8000,1.77,1.99,4,107.7000,2,N/A,https://seasonaltrader.com/host/History/Commodities.aspx?trade=220410087&service_id=1,https://seasonaltrader.com/Charts/Commodities/Weekly.aspx?trade=220410087&service_id=1,220410087
Russell 2000,Sep,L,4/11,4/24,5.00,2.5,75.0,32.6333,-38.9000,1.72,1.90,4,98.3000,1,N/A,https://seasonaltrader.com/host/History/Commodities.aspx?trade=220410046&service_id=1,https://seasonaltrader.com/Charts/Commodities/Weekly.aspx?trade=220410046&service_id=1,220410046
Russell 2000,Sep,L,4/13,5/5,3.00,2.4,75.0,55.5000,-69.3000,3.22,3.58,4,213.6000,2,N/A,https://seasonaltrader.com/host/History/Commodities.aspx?trade=220409831&service_id=1,https://seasonaltrader.com/Charts/Commodities/Weekly.aspx?trade=220409831&service_id=1,220409831
Russell 2000,Sep,L,4/19,5/6,3.00,2.4,75.0,60.2167,-74.1500,3.49,3.81,4,240.1000,2,N/A,https://seasonaltrader.com/host/History/Commodities.aspx?trade=220409836&service_id=1,https://seasonaltrader.com/Charts/Commodities/Weekly.aspx?trade=220409836&service_id=1,220409836
Russell 2000,Sep,L,4/5,4/29,4.00,2.4,75.0,80.6667,-101.6500,5.76,4.90,4,309.6000,1,N/A,https://seasonaltrader.com/host/History/Commodities.aspx?trade=206751890&service_id=1,https://seasonaltrader.com/Charts/Commodities/Weekly.aspx?trade=206751890&service_id=1,206751890
Russell 2000,Sep,L,4/13,5/4,3.00,2.3,75.0,53.8333,-69.3000,3.05,3.58,4,213.6000,2,N/A,https://seasonaltrader.com/host/History/Commodities.aspx?trade=220409830&service_id=1,https://seasonaltrader.com/Charts/Commodities/Weekly.aspx?trade=220409830&service_id=1,220409830
Russell 2000,Sep,L,4/10,5/5,5.00,2.3,75.0,52.5500,-67.9000,3.13,3.49,4,199.8000,2,N/A,https://seasonaltrader.com/host/History/Commodities.aspx?trade=220410037&service_id=1,https://seasonaltrader.com/Charts/Commodities/Weekly.aspx?trade=220410037&service_id=1,220410037
Russell 2000,Sep,L,4/10,4/14,1.00,2.2,75.0,21.3333,-28.7500,1.25,1.41,4,66.1000,1,N/A,https://seasonaltrader.com/host/History/Commodities.aspx?trade=206750717&service_id=1,https://seasonaltrader.com/Charts/Commodities/Weekly.aspx?trade=206750717&service_id=1,206750717
Russell 2000,Sep,L,4/10,4/24,3.00,2.2,75.0,38.6667,-52.9000,2.06,2.59,4,127.0000,1,N/A,https://seasonaltrader.com/host/History/Commodities.aspx?trade=206751360&service_id=1,https://seasonaltrader.com/Charts/Commodities/Weekly.aspx?trade=206751360&service_id=1,206751360
Russell 2000,Sep,L,4/13,4/24,3.00,2.2,75.0,34.1000,-45.5500,1.77,2.28,4,107.7000,2,N/A,https://seasonaltrader.com/host/History/Commodities.aspx?trade=220409827&service_id=1,https://seasonaltrader.com/Charts/Commodities/Weekly.aspx?trade=220409827&service_id=1,220409827
Russell 2000,Sep,L,4/8,4/23,3.00,2.2,75.0,41.5500,-57.7000,2.41,2.79,4,157.6000,1,N/A,https://seasonaltrader.com/host/History/Commodities.aspx?trade=206751357&service_id=1,https://seasonaltrader.com/Charts/Commodities/Weekly.aspx?trade=206751357&service_id=1,206751357
Russell 2000,Sep,L,4/12,5/5,4.00,2.2,75.0,46.9167,-62.9000,2.77,3.22,4,177.8000,2,N/A,https://seasonaltrader.com/host/History/Commodities.aspx?trade=220409907&service_id=1,https://seasonaltrader.com/Charts/Commodities/Weekly.aspx?trade=220409907&service_id=1,220409907
Russell 2000,Sep,L,4/13,4/27,4.00,2.2,75.0,47.6333,-66.4000,2.75,3.42,4,162.0000,2,N/A,https://seasonaltrader.com/host/History/Commodities.aspx?trade=220409909&service_id=1,https://seasonaltrader.com/Charts/Commodities/Weekly.aspx?trade=220409909&service_id=1,220409909
Russell 2000,Sep,L,4/13,4/27,3.00,2.1,75.0,47.6333,-69.3000,2.75,3.58,4,162.0000,2,N/A,https://seasonaltrader.com/host/History/Commodities.aspx?trade=220409829&service_id=1,https://seasonaltrader.com/Charts/Commodities/Weekly.aspx?trade=220409829&service_id=1,220409829
Russell 2000,Sep,L,4/13,5/6,3.00,2.1,75.0,49.2167,-69.3000,2.82,3.58,4,184.8000,2,N/A,https://seasonaltrader.com/host/History/Commodities.aspx?trade=220409832&service_id=1,https://seasonaltrader.com/Charts/Commodities/Weekly.aspx?trade=220409832&service_id=1,220409832
Russell 2000,Sep,L,4/6,4/24,4.00,2.1,75.0,60.3000,-86.7500,3.86,4.17,4,186.4000,1,N/A,https://seasonaltrader.com/host/History/Commodities.aspx?trade=206751893&service_id=1,https://seasonaltrader.com/Charts/Commodities/Weekly.aspx?trade=206751893&service_id=1,206751893
Russell 2000,Sep,L,4/13,4/26,3.00,2.0,75.0,46.5000,-69.3000,2.69,3.58,4,156.9000,2,N/A,https://seasonaltrader.com/host/History/Commodities.aspx?trade=220409828&service_id=1,https://seasonaltrader.com/Charts/Commodities/Weekly.aspx?trade=220409828&service_id=1,220409828
Russell 2000,Sep,L,4/5,4/28,4.00,2.0,75.0,69.4500,-101.6500,4.78,4.90,4,254.1000,1,N/A,https://seasonaltrader.com/host/History/Commodities.aspx?trade=206751889&service_id=1,https://seasonaltrader.com/Charts/Commodities/Weekly.aspx?trade=206751889&service_id=1,206751889
Russell 2000,Sep,L,4/6,4/29,4.00,2.0,75.0,81.6000,-121.8000,5.80,5.91,4,318.7000,1,N/A,https://seasonaltrader.com/host/History/Commodities.aspx?trade=206751895&service_id=1,https://seasonaltrader.com/Charts/Commodities/Weekly.aspx?trade=206751895&service_id=1,206751895
Russell 2000,Sep,L,4/7,4/24,4.00,2.0,75.0,55.1833,-83.0500,3.36,4.00,4,177.8000,1,N/A,https://seasonaltrader.com/host/History/Commodities.aspx?trade=206751898&service_id=1,https://seasonaltrader.com/Charts/Commodities/Weekly.aspx?trade=206751898&service_id=1,206751898
Russell 2000,Sep,L,4/25,5/8,2.00,1.9,75.0,39.3000,-60.7000,2.30,2.91,3,147.4000,2,N/A,https://seasonaltrader.com/host/History/Commodities.aspx?trade=220409744&service_id=1,https://seasonaltrader.com/Charts/Commodities/Weekly.aspx?trade=220409744&service_id=1,220409744
Russell 2000,Sep,L,4/11,4/24,3.00,1.9,75.0,32.6333,-50.2500,1.72,2.45,4,98.3000,1,N/A,https://seasonaltrader.com/host/History/Commodities.aspx?trade=206751362&service_id=1,https://seasonaltrader.com/Charts/Commodities/Weekly.aspx?trade=206751362&service_id=1,206751362
Russell 2000,Sep,L,4/12,5/6,4.00,1.9,75.0,40.6333,-63.4500,2.37,3.25,4,149.0000,2,N/A,https://seasonaltrader.com/host/History/Commodities.aspx?trade=220409908&service_id=1,https://seasonaltrader.com/Charts/Commodities/Weekly.aspx?trade=220409908&service_id=1,220409908
Russell 2000,Sep,L,4/4,4/24,4.00,1.9,75.0,57.7500,-89.7000,3.73,4.28,4,185.6000,1,N/A,https://seasonaltrader.com/host/History/Commodities.aspx?trade=206751887&service_id=1,https://seasonaltrader.com/Charts/Commodities/Weekly.aspx?trade=206751887&service_id=1,206751887
Russell 2000,Sep,L,4/11,5/5,5.00,1.9,75.0,45.3333,-73.1500,2.75,3.78,4,151.2000,2,N/A,https://seasonaltrader.com/host/History/Commodities.aspx?trade=220410048&service_id=1,https://seasonaltrader.com/Charts/Commodities/Weekly.aspx?trade=220410048&service_id=1,220410048
Russell 2000,Sep,L,4/15,4/23,4.00,1.8,75.0,18.1167,-29.7000,1.05,1.53,4,67.4000,2,N/A,https://seasonaltrader.com/host/History/Commodities.aspx?trade=220409910&service_id=1,https://seasonaltrader.com/Charts/Commodities/Weekly.aspx?trade=220409910&service_id=1,220409910
Russell 2000,Sep,L,4/16,4/23,4.00,1.8,75.0,17.8000,-29.7000,0.94,1.53,4,84.6000,2,N/A,https://seasonaltrader.com/host/History/Commodities.aspx?trade=220409911&service_id=1,https://seasonaltrader.com/Charts/Commodities/Weekly.aspx?trade=220409911&service_id=1,220409911
Russell 2000,Sep,L,4/5,4/24,4.00,1.8,75.0,59.3667,-101.6500,3.82,4.90,4,177.3000,1,N/A,https://seasonaltrader.com/host/History/Commodities.aspx?trade=206751888&service_id=1,https://seasonaltrader.com/Charts/Commodities/Weekly.aspx?trade=206751888&service_id=1,206751888
Russell 2000,Sep,L,4/5,4/30,4.00,1.8,75.0,62.3167,-101.6500,4.47,4.90,4,210.7000,1,N/A,https://seasonaltrader.com/host/History/Commodities.aspx?trade=206751891&service_id=1,https://seasonaltrader.com/Charts/Commodities/Weekly.aspx?trade=206751891&service_id=1,206751891
Russell 2000,Sep,L,4/10,5/4,5.00,1.8,75.0,50.8833,-86.9500,2.96,4.55,4,199.8000,2,N/A,https://seasonaltrader.com/host/History/Commodities.aspx?trade=220410036&service_id=1,https://seasonaltrader.com/Charts/Commodities/Weekly.aspx?trade=220410036&service_id=1,220410036
Russell 2000,Sep,L,4/12,5/4,4.00,1.7,75.0,45.2500,-81.9500,2.60,4.28,4,177.8000,2,N/A,https://seasonaltrader.com/host/History/Commodities.aspx?trade=220409906&service_id=1,https://seasonaltrader.com/Charts/Commodities/Weekly.aspx?trade=220409906&service_id=1,220409906
Russell 2000,Sep,L,4/6,4/28,4.00,1.7,75.0,70.3833,-121.8000,4.82,5.91,4,263.2000,1,N/A,https://seasonaltrader.com/host/History/Commodities.aspx?trade=206751894&service_id=1,https://seasonaltrader.com/Charts/Commodities/Weekly.aspx?trade=206751894&service_id=1,206751894
Russell 2000,Sep,L,4/6,4/23,4.00,1.6,75.0,46.9000,-86.7500,3.07,4.17,4,146.3000,1,N/A,https://seasonaltrader.com/host/History/Commodities.aspx?trade=206751892&service_id=1,https://seasonaltrader.com/Charts/Commodities/Weekly.aspx?trade=206751892&service_id=1,206751892
Russell 2000,Sep,L,4/6,4/30,4.00,1.6,75.0,63.2500,-121.8000,4.51,5.91,4,219.8000,1,N/A,https://seasonaltrader.com/host/History/Commodities.aspx?trade=206751896&service_id=1,https://seasonaltrader.com/Charts/Commodities/Weekly.aspx?trade=206751896&service_id=1,206751896
Russell 2000,Sep,L,4/7,4/13,4.00,1.6,75.0,28.8833,-55.3000,1.96,2.62,4,113.4000,1,N/A,https://seasonaltrader.com/host/History/Commodities.aspx?trade=220492550&service_id=1,https://seasonaltrader.com/Charts/Commodities/Weekly.aspx?trade=220492550&service_id=1,220492550
Russell 2000,Sep,L,4/11,5/6,5.00,1.6,75.0,39.0500,-73.7000,2.35,3.81,4,122.4000,2,N/A,https://seasonaltrader.com/host/History/Commodities.aspx?trade=220410049&service_id=1,https://seasonaltrader.com/Charts/Commodities/Weekly.aspx?trade=220410049&service_id=1,220410049
Russell 2000,Sep,L,4/11,4/15,1.00,1.5,75.0,17.6667,-35.7500,0.94,2.30,3,61.1000,1,N/A,https://seasonaltrader.com/host/History/Commodities.aspx?trade=206750721&service_id=1,https://seasonaltrader.com/Charts/Commodities/Weekly.aspx?trade=206750721&service_id=1,206750721
Russell 2000,Sep,L,4/4,4/23,4.00,1.5,75.0,44.3500,-89.7000,2.94,4.28,4,145.5000,1,N/A,https://seasonaltrader.com/host/History/Commodities.aspx?trade=206751886&service_id=1,https://seasonaltrader.com/Charts/Commodities/Weekly.aspx?trade=206751886&service_id=1,206751886
Russell 2000,Sep,L,4/7,4/23,4.00,1.5,75.0,41.7833,-83.0500,2.57,4.00,4,137.7000,1,N/A,https://seasonaltrader.com/host/History/Commodities.aspx?trade=206751897&service_id=1,https://seasonaltrader.com/Charts/Commodities/Weekly.aspx?trade=206751897&service_id=1,206751897
Russell 2000,Sep,L,4/11,5/4,5.00,1.4,75.0,43.6667,-92.2000,2.58,4.83,4,151.2000,2,N/A,https://seasonaltrader.com/host/History/Commodities.aspx?trade=220410047&service_id=1,https://seasonaltrader.com/Charts/Commodities/Weekly.aspx?trade=220410047&service_id=1,220410047
Russell 2000,Sep,L,4/14,4/23,5.00,1.4,75.0,19.0500,-41.5000,0.97,2.58,3,81.6000,1,N/A,https://seasonaltrader.com/host/History/Commodities.aspx?trade=220410127&service_id=1,https://seasonaltrader.com/Charts/Commodities/Weekly.aspx?trade=220410127&service_id=1,220410127
Russell 2000,Sep,L,4/11,4/16,1.00,1.3,75.0,15.3833,-35.7500,0.82,2.30,3,62.2000,1,N/A,https://seasonaltrader.com/host/History/Commodities.aspx?trade=206750722&service_id=1,https://seasonaltrader.com/Charts/Commodities/Weekly.aspx?trade=206750722&service_id=1,206750722
Russell 2000,Sep,L,4/7,4/19,4.00,1.2,75.0,27.5000,-67.4500,1.85,3.38,4,117.9000,1,N/A,https://seasonaltrader.com/host/History/Commodities.aspx?trade=220492551&service_id=1,https://seasonaltrader.com/Charts/Commodities/Weekly.aspx?trade=220492551&service_id=1,220492551
Russell 2000,Sep,L,4/14,4/23,3.00,1.0,75.0,19.0500,-57.9500,0.97,3.74,3,81.6000,1,N/A,https://seasonaltrader.com/host/History/Commodities.aspx?trade=220409833&service_id=1,https://seasonaltrader.com/Charts/Commodities/Weekly.aspx?trade=220409833&service_id=1,220409833
Russell 2000,Jun,S,4/14,4/21,2.00,53.0,87.5,21.9429,-2.9000,1.37,0.16,5,105.8000,1,N/A,https://seasonaltrader.com/host/History/Commodities.aspx?trade=206748247&service_id=1,https://seasonaltrader.com/Charts/Commodities/Weekly.aspx?trade=206748247&service_id=1,206748247
Russell 2000,Jun,S,4/16,4/21,3.00,50.8,87.5,17.4143,-2.4000,1.03,0.12,6,97.2000,1,N/A,https://seasonaltrader.com/host/History/Commodities.aspx?trade=206748271&service_id=1,https://seasonaltrader.com/Charts/Commodities/Weekly.aspx?trade=206748271&service_id=1,206748271
Russell 2000,Jun,S,4/15,4/21,4.00,29.8,87.5,17.0429,-4.0000,0.90,0.34,5,99.5000,1,N/A,https://seasonaltrader.com/host/History/Commodities.aspx?trade=206748281&service_id=1,https://seasonaltrader.com/Charts/Commodities/Weekly.aspx?trade=206748281&service_id=1,206748281
Russell 2000,Jun,S,4/15,4/21,3.00,2.8,87.5,17.0429,-43.3000,0.90,3.67,5,99.5000,1,N/A,https://seasonaltrader.com/host/History/Commodities.aspx?trade=206748269&service_id=1,https://seasonaltrader.com/Charts/Commodities/Weekly.aspx?trade=206748269&service_id=1,206748269
Russell 2000,Jun,S,4/14,4/22,2.00,11.8,75.0,25.5833,-6.5000,1.52,0.34,5,146.5000,1,N/A,https://seasonaltrader.com/host/History/Commodities.aspx?trade=206748248&service_id=1,https://seasonaltrader.com/Charts/Commodities/Weekly.aspx?trade=206748248&service_id=1,206748248
Russell 2000,Jun,S,4/13,4/21,3.00,9.8,75.0,23.9167,-7.3500,1.44,0.44,4,90.1000,1,N/A,https://seasonaltrader.com/host/History/Commodities.aspx?trade=207288893&service_id=1,https://seasonaltrader.com/Charts/Commodities/Weekly.aspx?trade=207288893&service_id=1,207288893
Russell 2000,Jun,S,4/17,4/21,3.00,5.2,75.0,22.6000,-12.9500,1.43,0.65,3,64.5000,1,N/A,https://seasonaltrader.com/host/History/Commodities.aspx?trade=206748273&service_id=1,https://seasonaltrader.com/Charts/Commodities/Weekly.aspx?trade=206748273&service_id=1,206748273
Russell 2000,Jun,S,4/15,4/22,4.00,5.0,75.0,21.9167,-13.2000,1.14,0.97,4,111.7000,1,N/A,https://seasonaltrader.com/host/History/Commodities.aspx?trade=206748282&service_id=1,https://seasonaltrader.com/Charts/Commodities/Weekly.aspx?trade=206748282&service_id=1,206748282
Russell 2000,Jun,S,4/16,4/22,3.00,4.5,75.0,23.4000,-15.5500,1.27,0.83,6,140.4000,2,N/A,https://seasonaltrader.com/host/History/Commodities.aspx?trade=206748272&service_id=1,https://seasonaltrader.com/Charts/Commodities/Weekly.aspx?trade=206748272&service_id=1,206748272
Russell 2000,Jun,S,4/14,4/18,2.00,4.1,75.0,23.4000,-17.0000,1.34,1.04,4,74.3000,1,N/A,https://seasonaltrader.com/host/History/Commodities.aspx?trade=207288828&service_id=1,https://seasonaltrader.com/Charts/Commodities/Weekly.aspx?trade=207288828&service_id=1,207288828
Russell 2000,Jun,S,4/14,4/18,1.00,3.9,75.0,23.4000,-18.1000,1.34,1.08,4,74.3000,1,N/A,https://seasonaltrader.com/host/History/Commodities.aspx?trade=207288799&service_id=1,https://seasonaltrader.com/Charts/Commodities/Weekly.aspx?trade=207288799&service_id=1,207288799
Russell 2000,Jun,S,4/13,4/20,3.00,3.8,75.0,20.9500,-16.6000,1.11,0.92,3,69.9000,1,N/A,https://seasonaltrader.com/host/History/Commodities.aspx?trade=207288892&service_id=1,https://seasonaltrader.com/Charts/Commodities/Weekly.aspx?trade=207288892&service_id=1,207288892
Russell 2000,Jun,S,4/13,4/21,2.00,3.7,75.0,23.9167,-19.3500,1.44,1.21,4,90.1000,1,N/A,https://seasonaltrader.com/host/History/Commodities.aspx?trade=207288826&service_id=1,https://seasonaltrader.com/Charts/Commodities/Weekly.aspx?trade=207288826&service_id=1,207288826
Russell 2000,Jun,S,4/3,4/21,2.00,3.3,75.0,57.6000,-53.0500,2.81,4.60,5,342.8000,1,N/A,https://seasonaltrader.com/host/History/Commodities.aspx?trade=207288822&service_id=1,https://seasonaltrader.com/Charts/Commodities/Weekly.aspx?trade=207288822&service_id=1,207288822
Russell 2000,Jun,S,4/3,4/22,2.00,3.3,75.0,58.1167,-53.0500,2.80,4.60,5,345.9000,1,N/A,https://seasonaltrader.com/host/History/Commodities.aspx?trade=207288823&service_id=1,https://seasonaltrader.com/Charts/Commodities/Weekly.aspx?trade=207288823&service_id=1,207288823
Russell 2000,Jun,S,4/3,4/20,2.00,3.2,75.0,56.5167,-53.0500,2.73,4.60,5,336.3000,1,N/A,https://seasonaltrader.com/host/History/Commodities.aspx?trade=207288821&service_id=1,https://seasonaltrader.com/Charts/Commodities/Weekly.aspx?trade=207288821&service_id=1,207288821
Russell 2000,Jun,S,4/3,4/19,2.00,3.0,75.0,53.4000,-53.0500,2.60,4.60,5,317.6000,1,N/A,https://seasonaltrader.com/host/History/Commodities.aspx?trade=207288820&service_id=1,https://seasonaltrader.com/Charts/Commodities/Weekly.aspx?trade=207288820&service_id=1,207288820
Russell 2000,Jun,S,4/15,4/22,3.00,2.5,75.0,21.9167,-26.2000,1.14,2.08,4,111.7000,1,N/A,https://seasonaltrader.com/host/History/Commodities.aspx?trade=206748270&service_id=1,https://seasonaltrader.com/Charts/Commodities/Weekly.aspx?trade=206748270&service_id=1,206748270
Russell 2000,Jun,S,4/13,4/20,2.00,2.3,75.0,20.9500,-27.6000,1.11,1.63,3,69.9000,1,N/A,https://seasonaltrader.com/host/History/Commodities.aspx?trade=207288825&service_id=1,https://seasonaltrader.com/Charts/Commodities/Weekly.aspx?trade=207288825&service_id=1,207288825
Russell 2000,Jun,S,4/16,4/21,2.00,2.3,75.0,18.7833,-24.1500,1.12,1.21,4,72.6000,1,N/A,https://seasonaltrader.com/host/History/Commodities.aspx?trade=206748249&service_id=1,https://seasonaltrader.com/Charts/Commodities/Weekly.aspx?trade=206748249&service_id=1,206748249
Russell 2000,Jun,S,4/24,5/1,1.00,2.1,75.0,26.1500,-36.5000,1.36,2.65,4,138.8000,1,N/A,https://seasonaltrader.com/host/History/Commodities.aspx?trade=206748197&service_id=1,https://seasonaltrader.com/Charts/Commodities/Weekly.aspx?trade=206748197&service_id=1,206748197
Russell 2000,Jun,S,4/11,4/20,2.00,2.1,75.0,27.1833,-38.0500,1.39,2.16,3,93.3000,1,N/A,https://seasonaltrader.com/host/History/Commodities.aspx?trade=207288824&service_id=1,https://seasonaltrader.com/Charts/Commodities/Weekly.aspx?trade=207288824&service_id=1,207288824
Russell 2000,Jun,S,4/15,4/21,2.00,1.5,75.0,18.3500,-36.9500,0.97,2.34,3,66.7000,1,N/A,https://seasonaltrader.com/host/History/Commodities.aspx?trade=207288830&service_id=1,https://seasonaltrader.com/Charts/Commodities/Weekly.aspx?trade=207288830&service_id=1,207288830
Russell 2000,Sep,S,4/16,4/21,3.00,18.0,75.0,18.2833,-3.0500,1.06,0.19,5,82.7000,1,N/A,https://seasonaltrader.com/host/History/Commodities.aspx?trade=206758853&service_id=1,https://seasonaltrader.com/Charts/Commodities/Weekly.aspx?trade=206758853&service_id=1,206758853
Russell 2000,Sep,S,4/15,4/21,4.00,14.2,75.0,18.2333,-3.8500,0.97,0.27,5,85.1000,1,N/A,https://seasonaltrader.com/host/History/Commodities.aspx?trade=220412175&service_id=1,https://seasonaltrader.com/Charts/Commodities/Weekly.aspx?trade=220412175&service_id=1,220412175
Russell 2000,Sep,S,4/14,4/21,2.00,11.4,75.0,21.8667,-5.7500,1.42,0.34,4,98.1000,1,N/A,https://seasonaltrader.com/host/History/Commodities.aspx?trade=220411941&service_id=1,https://seasonaltrader.com/Charts/Commodities/Weekly.aspx?trade=220411941&service_id=1,220411941
Russell 2000,Sep,S,4/9,4/22,4.00,6.9,75.0,42.8833,-18.6500,2.35,1.15,4,154.3000,1,N/A,https://seasonaltrader.com/host/History/Commodities.aspx?trade=220412164&service_id=1,https://seasonaltrader.com/Charts/Commodities/Weekly.aspx?trade=220412164&service_id=1,220412164
Russell 2000,Sep,S,4/17,4/22,3.00,4.8,75.0,20.8500,-13.1000,1.26,0.67,6,125.1000,2,N/A,https://seasonaltrader.com/host/History/Commodities.aspx?trade=206758856&service_id=1,https://seasonaltrader.com/Charts/Commodities/Weekly.aspx?trade=206758856&service_id=1,206758856
Russell 2000,Sep,S,4/14,4/18,2.00,4.5,75.0,21.5167,-14.4000,1.27,0.87,4,69.0000,1,N/A,https://seasonaltrader.com/host/History/Commodities.aspx?trade=220411939&service_id=1,https://seasonaltrader.com/Charts/Commodities/Weekly.aspx?trade=220411939&service_id=1,220411939
Russell 2000,Sep,S,4/17,4/21,3.00,4.3,75.0,22.0667,-15.3000,1.39,0.75,3,63.0000,1,N/A,https://seasonaltrader.com/host/History/Commodities.aspx?trade=206758855&service_id=1,https://seasonaltrader.com/Charts/Commodities/Weekly.aspx?trade=206758855&service_id=1,206758855
Russell 2000,Sep,S,4/13,4/20,3.00,4.0,75.0,19.6500,-14.9000,1.08,0.84,3,74.8000,1,N/A,https://seasonaltrader.com/host/History/Commodities.aspx?trade=220412064&service_id=1,https://seasonaltrader.com/Charts/Commodities/Weekly.aspx?trade=220412064&service_id=1,220412064
Russell 2000,Sep,S,4/14,4/20,2.00,3.8,75.0,25.2000,-19.7000,1.43,0.99,4,118.1000,2,N/A,https://seasonaltrader.com/host/History/Commodities.aspx?trade=220411940&service_id=1,https://seasonaltrader.com/Charts/Commodities/Weekly.aspx?trade=220411940&service_id=1,220411940
Russell 2000,Sep,S,4/13,4/21,3.00,3.7,75.0,21.9167,-17.7500,1.33,1.01,4,75.6000,1,N/A,https://seasonaltrader.com/host/History/Commodities.aspx?trade=220412065&service_id=1,https://seasonaltrader.com/Charts/Commodities/Weekly.aspx?trade=220412065&service_id=1,220412065
Russell 2000,Sep,S,4/14,4/18,1.00,3.4,75.0,21.5167,-18.9500,1.27,1.12,4,69.0000,1,N/A,https://seasonaltrader.com/host/History/Commodities.aspx?trade=220411906&service_id=1,https://seasonaltrader.com/Charts/Commodities/Weekly.aspx?trade=220411906&service_id=1,220411906
Russell 2000,Sep,S,4/3,4/20,2.00,3.2,75.0,57.2167,-54.4500,2.75,4.69,5,337.3000,1,N/A,https://seasonaltrader.com/host/History/Commodities.aspx?trade=220411932&service_id=1,https://seasonaltrader.com/Charts/Commodities/Weekly.aspx?trade=220411932&service_id=1,220411932
Russell 2000,Sep,S,4/3,4/22,2.00,3.2,75.0,57.3667,-54.4500,2.75,4.69,5,338.2000,1,N/A,https://seasonaltrader.com/host/History/Commodities.aspx?trade=220411934&service_id=1,https://seasonaltrader.com/Charts/Commodities/Weekly.aspx?trade=220411934&service_id=1,220411934
Russell 2000,Sep,S,4/3,4/21,2.00,3.1,75.0,56.2167,-54.4500,2.73,4.69,5,331.3000,1,N/A,https://seasonaltrader.com/host/History/Commodities.aspx?trade=220411933&service_id=1,https://seasonaltrader.com/Charts/Commodities/Weekly.aspx?trade=220411933&service_id=1,220411933
Russell 2000,Sep,S,4/13,4/18,2.00,3.0,75.0,19.2000,-19.2000,1.06,1.19,4,89.6000,1,N/A,https://seasonaltrader.com/host/History/Commodities.aspx?trade=220411935&service_id=1,https://seasonaltrader.com/Charts/Commodities/Weekly.aspx?trade=220411935&service_id=1,220411935
Russell 2000,Sep,S,4/3,4/19,2.00,2.9,75.0,52.7500,-54.4500,2.55,4.69,5,310.5000,1,N/A,https://seasonaltrader.com/host/History/Commodities.aspx?trade=220411931&service_id=1,https://seasonaltrader.com/Charts/Commodities/Weekly.aspx?trade=220411931&service_id=1,220411931
Russell 2000,Sep,S,4/24,4/30,1.00,2.8,75.0,28.3500,-30.5500,1.46,2.38,4,149.3000,1,N/A,https://seasonaltrader.com/host/History/Commodities.aspx?trade=206758685&service_id=1,https://seasonaltrader.com/Charts/Commodities/Weekly.aspx?trade=206758685&service_id=1,206758685
Russell 2000,Sep,S,4/13,4/21,2.00,2.8,75.0,21.9167,-23.8000,1.33,1.40,4,75.6000,1,N/A,https://seasonaltrader.com/host/History/Commodities.aspx?trade=220411937&service_id=1,https://seasonaltrader.com/Charts/Commodities/Weekly.aspx?trade=220411937&service_id=1,220411937
Russell 2000,Sep,S,4/13,4/20,2.00,2.4,75.0,19.6500,-24.9000,1.08,1.48,3,74.8000,1,N/A,https://seasonaltrader.com/host/History/Commodities.aspx?trade=220411936&service_id=1,https://seasonaltrader.com/Charts/Commodities/Weekly.aspx?trade=220411936&service_id=1,220411936
Russell 2000,Sep,S,4/15,4/20,4.00,2.4,75.0,26.9667,-34.0000,1.37,2.12,3,73.8000,1,N/A,https://seasonaltrader.com/host/History/Commodities.aspx?trade=220412174&service_id=1,https://seasonaltrader.com/Charts/Commodities/Weekly.aspx?trade=220412174&service_id=1,220412174
Russell 2000,Sep,S,4/15,4/21,3.00,2.3,75.0,18.2333,-23.5500,0.97,1.94,5,85.1000,1,N/A,https://seasonaltrader.com/host/History/Commodities.aspx?trade=220412067&service_id=1,https://seasonaltrader.com/Charts/Commodities/Weekly.aspx?trade=220412067&service_id=1,220412067
Russell 2000,Sep,S,4/24,5/1,1.00,2.2,75.0,27.1833,-37.4000,1.43,2.73,4,135.3000,1,N/A,https://seasonaltrader.com/host/History/Commodities.aspx?trade=206758686&service_id=1,https://seasonaltrader.com/Charts/Commodities/Weekly.aspx?trade=206758686&service_id=1,206758686
Russell 2000,Sep,S,4/15,4/20,2.00,1.9,75.0,26.9667,-42.8000,1.37,2.86,3,73.8000,1,N/A,https://seasonaltrader.com/host/History/Commodities.aspx?trade=220411943&service_id=1,https://seasonaltrader.com/Charts/Commodities/Weekly.aspx?trade=220411943&service_id=1,220411943
Russell 2000,Sep,S,4/18,4/22,3.00,1.2,75.0,15.9000,-39.4500,0.91,2.07,6,95.4000,2,N/A,https://seasonaltrader.com/host/History/Commodities.aspx?trade=206758858&service_id=1,https://seasonaltrader.com/Charts/Commodities/Weekly.aspx?trade=206758858&service_id=1,206758858
SP 500,Jun,L,4/21,4/26,1.50,3.3,78.6,40.99,-46.21,1.56,1.88,15,452.25,2,Y,https://seasonaltrader.com/host/History/Commodities.aspx?trade=206731982&service_id=1,https://seasonaltrader.com/Charts/Commodities/Weekly.aspx?trade=206731982&service_id=1,206731982
SP 500,Jun,L,4/18,4/27,3.00,3.1,78.6,44.05,-51.63,1.88,2.38,7,466.25,2,Y,https://seasonaltrader.com/host/History/Commodities.aspx?trade=206732652&service_id=1,https://seasonaltrader.com/Charts/Commodities/Weekly.aspx?trade=206732652&service_id=1,206732652
SP 500,Jun,L,4/20,4/27,3.00,2.9,78.6,42.85,-53.63,1.74,2.29,5,472.00,1,Y,https://seasonaltrader.com/host/History/Commodities.aspx?trade=206732661&service_id=1,https://seasonaltrader.com/Charts/Commodities/Weekly.aspx?trade=206732661&service_id=1,206732661
SP 500,Jun,L,4/7,5/1,3.00,2.6,78.6,67.43,-96.88,3.08,3.77,16,727.50,2,Y,https://seasonaltrader.com/host/History/Commodities.aspx?trade=206732606&service_id=1,https://seasonaltrader.com/Charts/Commodities/Weekly.aspx?trade=206732606&service_id=1,206732606
SP 500,Jun,L,4/8,5/1,4.00,2.2,78.6,63.47,-107.79,2.82,3.82,16,603.00,2,Y,https://seasonaltrader.com/host/History/Commodities.aspx?trade=206733219&service_id=1,https://seasonaltrader.com/Charts/Commodities/Weekly.aspx?trade=206733219&service_id=1,206733219
SP 500,Jun,L,4/22,4/27,3.00,5.0,75.0,35.25,-21.25,1.40,1.46,4,338.25,1,Y,https://seasonaltrader.com/host/History/Commodities.aspx?trade=206732665&service_id=1,https://seasonaltrader.com/Charts/Commodities/Weekly.aspx?trade=206732665&service_id=1,206732665
SP 500,Jun,L,4/21,4/27,2.00,4.4,75.0,46.23,-31.43,1.80,1.50,7,472.50,2,Y,https://seasonaltrader.com/host/History/Commodities.aspx?trade=206732066&service_id=1,https://seasonaltrader.com/Charts/Commodities/Weekly.aspx?trade=206732066&service_id=1,206732066
SP 500,Jun,L,4/22,4/27,2.00,3.7,75.0,35.25,-28.50,1.40,1.45,4,338.25,1,Y,https://seasonaltrader.com/host/History/Commodities.aspx?trade=206732070&service_id=1,https://seasonaltrader.com/Charts/Commodities/Weekly.aspx?trade=206732070&service_id=1,206732070
SP 500,Jun,L,4/18,4/29,3.00,3.1,75.0,51.46,-50.18,2.11,2.41,9,497.50,1,Y,https://seasonaltrader.com/host/History/Commodities.aspx?trade=206732654&service_id=1,https://seasonaltrader.com/Charts/Commodities/Weekly.aspx?trade=206732654&service_id=1,206732654
SP 500,Jun,L,4/20,5/2,4.00,3.1,75.0,49.38,-48.25,2.12,1.56,7,568.25,2,Y,https://seasonaltrader.com/host/History/Commodities.aspx?trade=206733243&service_id=1,https://seasonaltrader.com/Charts/Commodities/Weekly.aspx?trade=206733243&service_id=1,206733243
SP 500,Jun,L,4/19,5/1,3.50,2.9,75.0,44.49,-46.43,1.96,1.93,9,487.25,1,Y,https://seasonaltrader.com/host/History/Commodities.aspx?trade=206732943&service_id=1,https://seasonaltrader.com/Charts/Commodities/Weekly.aspx?trade=206732943&service_id=1,206732943
SP 500,Jun,L,4/4,4/28,4.00,2.9,75.0,63.30,-64.46,2.74,3.21,16,628.75,2,Y,https://seasonaltrader.com/host/History/Commodities.aspx?trade=207271205&service_id=1,https://seasonaltrader.com/Charts/Commodities/Weekly.aspx?trade=207271205&service_id=1,207271205
SP 500,Jun,L,4/19,5/2,3.50,2.8,75.0,52.75,-55.57,2.30,2.16,11,612.00,2,Y,https://seasonaltrader.com/host/History/Commodities.aspx?trade=206732944&service_id=1,https://seasonaltrader.com/Charts/Commodities/Weekly.aspx?trade=206732944&service_id=1,206732944
SP 500,Jun,L,4/20,5/2,3.00,2.7,75.0,49.38,-55.04,2.12,2.17,7,568.25,2,Y,https://seasonaltrader.com/host/History/Commodities.aspx?trade=206732664&service_id=1,https://seasonaltrader.com/Charts/Commodities/Weekly.aspx?trade=206732664&service_id=1,206732664
SP 500,Jun,L,4/7,5/2,3.00,2.7,75.0,75.35,-84.21,3.55,3.26,16,769.00,3,Y,https://seasonaltrader.com/host/History/Commodities.aspx?trade=206732607&service_id=1,https://seasonaltrader.com/Charts/Commodities/Weekly.aspx?trade=206732607&service_id=1,206732607
SP 500,Jun,L,4/16,4/24,3.50,2.7,75.0,27.35,-30.32,1.43,1.17,13,220.50,2,Y,https://seasonaltrader.com/host/History/Commodities.aspx?trade=206732931&service_id=1,https://seasonaltrader.com/Charts/Commodities/Weekly.aspx?trade=206732931&service_id=1,206732931
SP 500,Jun,L,4/7,4/29,3.00,2.6,75.0,72.86,-85.04,3.18,3.41,16,854.50,2,Y,https://seasonaltrader.com/host/History/Commodities.aspx?trade=206732604&service_id=1,https://seasonaltrader.com/Charts/Commodities/Weekly.aspx?trade=206732604&service_id=1,206732604
SP 500,Jun,L,4/7,4/27,3.00,2.5,75.0,68.90,-82.18,3.09,3.16,16,791.25,2,Y,https://seasonaltrader.com/host/History/Commodities.aspx?trade=206732602&service_id=1,https://seasonaltrader.com/Charts/Commodities/Weekly.aspx?trade=206732602&service_id=1,206732602
SP 500,Jun,L,4/4,4/28,3.00,2.4,75.0,63.30,-78.75,2.74,3.25,16,628.75,2,Y,https://seasonaltrader.com/host/History/Commodities.aspx?trade=206732566&service_id=1,https://seasonaltrader.com/Charts/Commodities/Weekly.aspx?trade=206732566&service_id=1,206732566
SP 500,Jun,L,4/7,4/28,3.00,2.4,75.0,66.67,-84.54,2.91,3.37,16,735.50,2,Y,https://seasonaltrader.com/host/History/Commodities.aspx?trade=206732603&service_id=1,https://seasonaltrader.com/Charts/Commodities/Weekly.aspx?trade=206732603&service_id=1,206732603
SP 500,Jun,L,4/7,4/30,3.00,2.4,75.0,67.93,-83.46,2.94,3.26,16,755.75,2,Y,https://seasonaltrader.com/host/History/Commodities.aspx?trade=206732605&service_id=1,https://seasonaltrader.com/Charts/Commodities/Weekly.aspx?trade=206732605&service_id=1,206732605
SP 500,Jun,L,4/6,5/1,3.50,2.4,75.0,69.49,-87.29,3.08,3.51,15,682.50,3,Y,https://seasonaltrader.com/host/History/Commodities.aspx?trade=206732911&service_id=1,https://seasonaltrader.com/Charts/Commodities/Weekly.aspx?trade=206732911&service_id=1,206732911
SP 500,Jun,L,4/18,4/27,2.50,2.3,75.0,43.50,-57.75,1.87,2.37,7,466.25,2,Y,https://seasonaltrader.com/host/History/Commodities.aspx?trade=206732247&service_id=1,https://seasonaltrader.com/Charts/Commodities/Weekly.aspx?trade=206732247&service_id=1,206732247
SP 500,Jun,L,4/20,4/26,3.00,2.3,75.0,42.10,-55.61,1.68,2.14,9,452.25,2,Y,https://seasonaltrader.com/host/History/Commodities.aspx?trade=206732660&service_id=1,https://seasonaltrader.com/Charts/Commodities/Weekly.aspx?trade=206732660&service_id=1,206732660
SP 500,Jun,L,4/8,5/1,3.00,2.3,75.0,66.25,-87.46,2.93,3.60,16,603.00,2,Y,https://seasonaltrader.com/host/History/Commodities.aspx?trade=206732622&service_id=1,https://seasonaltrader.com/Charts/Commodities/Weekly.aspx?trade=206732622&service_id=1,206732622
SP 500,Jun,L,4/16,4/27,3.50,2.3,75.0,40.89,-54.18,2.10,2.15,7,301.75,2,Y,https://seasonaltrader.com/host/History/Commodities.aspx?trade=206732934&service_id=1,https://seasonaltrader.com/Charts/Commodities/Weekly.aspx?trade=206732934&service_id=1,206732934
SP 500,Jun,L,4/16,4/29,3.50,2.3,75.0,46.26,-59.68,2.23,2.43,10,335.25,2,Y,https://seasonaltrader.com/host/History/Commodities.aspx?trade=206732935&service_id=1,https://seasonaltrader.com/Charts/Commodities/Weekly.aspx?trade=206732935&service_id=1,206732935
SP 500,Jun,L,4/8,5/2,4.00,2.3,75.0,71.08,-93.25,3.27,3.30,16,688.75,3,Y,https://seasonaltrader.com/host/History/Commodities.aspx?trade=206733220&service_id=1,https://seasonaltrader.com/Charts/Commodities/Weekly.aspx?trade=206733220&service_id=1,206733220
SP 500,Jun,L,4/8,5/3,4.00,2.1,75.0,69.18,-98.18,3.15,3.40,16,651.50,3,Y,https://seasonaltrader.com/host/History/Commodities.aspx?trade=206733221&service_id=1,https://seasonaltrader.com/Charts/Commodities/Weekly.aspx?trade=206733221&service_id=1,206733221
SP 500,Jun,L,4/7,4/23,3.00,2.0,75.0,51.45,-78.29,2.40,2.79,9,489.50,2,Y,https://seasonaltrader.com/host/History/Commodities.aspx?trade=206732598&service_id=1,https://seasonaltrader.com/Charts/Commodities/Weekly.aspx?trade=206732598&service_id=1,206732598
SP 500,Jun,L,4/16,5/1,3.50,2.0,75.0,41.12,-61.11,2.23,2.19,11,317.50,1,Y,https://seasonaltrader.com/host/History/Commodities.aspx?trade=206732937&service_id=1,https://seasonaltrader.com/Charts/Commodities/Weekly.aspx?trade=206732937&service_id=1,206732937
SP 500,Jun,L,4/16,5/3,3.50,2.0,75.0,47.60,-70.50,2.43,2.53,11,428.25,2,Y,https://seasonaltrader.com/host/History/Commodities.aspx?trade=206732939&service_id=1,https://seasonaltrader.com/Charts/Commodities/Weekly.aspx?trade=206732939&service_id=1,206732939
SP 500,Jun,L,4/8,4/28,4.00,1.9,75.0,62.18,-97.25,2.60,3.70,16,579.25,2,Y,https://seasonaltrader.com/host/History/Commodities.aspx?trade=206733216&service_id=1,https://seasonaltrader.com/Charts/Commodities/Weekly.aspx?trade=206733216&service_id=1,206733216
SP 500,Jun,L,4/16,4/26,3.50,1.8,75.0,37.93,-63.32,1.94,2.29,6,286.25,2,Y,https://seasonaltrader.com/host/History/Commodities.aspx?trade=206732933&service_id=1,https://seasonaltrader.com/Charts/Commodities/Weekly.aspx?trade=206732933&service_id=1,206732933
SP 500,Jun,L,4/8,4/24,4.00,1.8,75.0,52.87,-87.00,2.22,2.79,9,491.00,2,Y,https://seasonaltrader.com/host/History/Commodities.aspx?trade=206733212&service_id=1,https://seasonaltrader.com/Charts/Commodities/Weekly.aspx?trade=206733212&service_id=1,206733212
SP 500,Jun,L,4/8,4/23,4.00,1.6,75.0,47.30,-86.18,2.12,2.70,9,381.50,2,Y,https://seasonaltrader.com/host/History/Commodities.aspx?trade=206733211&service_id=1,https://seasonaltrader.com/Charts/Commodities/Weekly.aspx?trade=206733211&service_id=1,206733211
SP 500,Jun,L,4/17,4/29,4.00,1.5,75.0,42.63,-84.32,2.00,3.40,11,358.50,1,Y,https://seasonaltrader.com/host/History/Commodities.aspx?trade=206733237&service_id=1,https://seasonaltrader.com/Charts/Commodities/Weekly.aspx?trade=206733237&service_id=1,206733237
SP 500,Jun,L,4/15,4/27,2.50,1.4,75.0,34.89,-73.46,2.16,2.43,7,200.25,2,N,https://seasonaltrader.com/host/History/Commodities.aspx?trade=206732230&service_id=1,https://seasonaltrader.com/Charts/Commodities/Weekly.aspx?trade=206732230&service_id=1,206732230
SP 500,Jun,L,4/15,4/26,2.50,1.2,75.0,30.96,-79.71,1.93,2.34,7,161.00,2,N,https://seasonaltrader.com/host/History/Commodities.aspx?trade=206732229&service_id=1,https://seasonaltrader.com/Charts/Commodities/Weekly.aspx?trade=206732229&service_id=1,206732229
SP 500,Jun,L,4/1,4/23,4.00,1.2,75.0,52.92,-133.86,2.93,3.99,9,742.50,2,N,https://seasonaltrader.com/host/History/Commodities.aspx?trade=206733183&service_id=1,https://seasonaltrader.com/Charts/Commodities/Weekly.aspx?trade=206733183&service_id=1,206733183
SP 500,Jun,L,4/14,4/24,4.00,1.2,75.0,24.99,-64.29,1.67,1.66,15,309.50,2,N,https://seasonaltrader.com/host/History/Commodities.aspx?trade=206733228&service_id=1,https://seasonaltrader.com/Charts/Commodities/Weekly.aspx?trade=206733228&service_id=1,206733228
SP 500,Jun,L,4/14,4/25,4.00,1.2,75.0,29.64,-73.14,1.95,1.99,15,325.00,4,N,https://seasonaltrader.com/host/History/Commodities.aspx?trade=206733229&service_id=1,https://seasonaltrader.com/Charts/Commodities/Weekly.aspx?trade=206733229&service_id=1,206733229
SP 500,Jun,L,4/13,4/19,1.50,1.1,75.0,19.93,-56.14,1.26,2.37,12,195.00,2,N,https://seasonaltrader.com/host/History/Commodities.aspx?trade=206731969&service_id=1,https://seasonaltrader.com/Charts/Commodities/Weekly.aspx?trade=206731969&service_id=1,206731969
SP 500,Jun,L,4/15,4/24,3.50,1.1,75.0,22.52,-62.96,1.48,1.65,7,152.00,2,N,https://seasonaltrader.com/host/History/Commodities.aspx?trade=206732928&service_id=1,https://seasonaltrader.com/Charts/Commodities/Weekly.aspx?trade=206732928&service_id=1,206732928
SP 500,Jun,L,4/15,4/23,2.50,1.0,75.0,19.52,-60.50,1.34,1.29,9,151.75,2,N,https://seasonaltrader.com/host/History/Commodities.aspx?trade=206732226&service_id=1,https://seasonaltrader.com/Charts/Commodities/Weekly.aspx?trade=206732226&service_id=1,206732226
SP 500,Jun,L,4/15,4/24,2.50,1.0,75.0,22.52,-69.11,1.48,1.79,7,152.00,2,N,https://seasonaltrader.com/host/History/Commodities.aspx?trade=206732227&service_id=1,https://seasonaltrader.com/Charts/Commodities/Weekly.aspx?trade=206732227&service_id=1,206732227
SP 500,Jun,L,4/14,4/23,3.00,1.0,75.0,24.25,-75.54,1.62,1.79,9,160.75,2,N,https://seasonaltrader.com/host/History/Commodities.aspx?trade=206732645&service_id=1,https://seasonaltrader.com/Charts/Commodities/Weekly.aspx?trade=206732645&service_id=1,206732645
SP 500,Jun,L,4/14,4/26,4.00,1.0,75.0,32.96,-95.43,2.12,2.72,12,321.00,2,N,https://seasonaltrader.com/host/History/Commodities.aspx?trade=206733230&service_id=1,https://seasonaltrader.com/Charts/Commodities/Weekly.aspx?trade=206733230&service_id=1,206733230
SP 500,Jun,L,4/14,4/24,3.00,0.9,75.0,24.99,-83.96,1.67,2.28,15,309.50,2,N,https://seasonaltrader.com/host/History/Commodities.aspx?trade=206732646&service_id=1,https://seasonaltrader.com/Charts/Commodities/Weekly.aspx?trade=206732646&service_id=1,206732646
Unleaded Gas,May,L,4/8,4/25,5.00,2.8,75.0,0.0781,-0.0845,6.46,4.74,8,0.8020,3,Y,https://seasonaltrader.com/host/History/Commodities.aspx?trade=199923305&service_id=1,https://seasonaltrader.com/Charts/Commodities/Weekly.aspx?trade=199923305&service_id=1,199923305
Unleaded Gas,Jul,L,4/12,4/29,5.00,2.4,77.5,0.0536,-0.0765,3.84,4.66,16,0.4197,2,Y,https://seasonaltrader.com/host/History/Commodities.aspx?trade=195786483&service_id=1,https://seasonaltrader.com/Charts/Commodities/Weekly.aspx?trade=195786483&service_id=1,195786483
Unleaded Gas,Jul,L,4/12,4/25,5.00,2.2,75.0,0.0451,-0.0607,3.26,3.58,9,0.4433,2,Y,https://seasonaltrader.com/host/History/Commodities.aspx?trade=195786469&service_id=1,https://seasonaltrader.com/Charts/Commodities/Weekly.aspx?trade=195786469&service_id=1,195786469
